Subfamily;Tribe;Genus;Species;Sex;Abundance;SU;Strata;Trap;Date;Month;CMR;Obs;Lep
Charaxinae;Preponini;Archaeoprepona;Archaeoprepona_chalciope;NA;1;NF4;Canopy;Can2;11/01/2016;November;;Voucher;4
Charaxinae;Anaeini;Zaretis;Zaretis_strigosus;M;1;NF4;Canopy;Can2;11/01/2016;November;;Voucher;42
Satyrinae;Satyrini;Taygetis;Taygetis_ypthima;F;1;NF5;Understory;Und2;11/01/2016;November;1;;
Satyrinae;Satyrini;Carminda;Carminda_paeon;M;1;NF5;Canopy;Can3;11/01/2016;November;;Voucher;72
Satyrinae;Satyrini;Forsterinaria;Forsterinaria_quantius;M;1;NF6;Understory;Und1;11/01/2016;November;;Voucher;68
Satyrinae;Satyrini;Forsterinaria;Forsterinaria_quantius;M;1;NF6;Understory;Und1;11/01/2016;November;;Voucher;77
Satyrinae;Satyrini;Forsterinaria;Forsterinaria_necys;F;1;NF6;Understory;Und1;11/01/2016;November;;Voucher;50
Charaxinae;Preponini;Archaeoprepona;Archaeoprepona_chalciope;NA;1;NF6;Understory;Und1;11/01/2016;November;7;;
Charaxinae;Preponini;Archaeoprepona;Archaeoprepona_chalciope;M;1;NF6;Canopy;Can1;11/01/2016;November;2;;
Charaxinae;Preponini;Archaeoprepona;Archaeoprepona_amphimachus;F;1;NF6;Canopy;Can1;11/01/2016;November;;Voucher;76
Satyrinae;Satyrini;Taygetis;Taygetis_ypthima;M;1;NF6;Understory;Und3;11/01/2016;November;3;;
Satyrinae;Satyrini;Taygetis;Taygetis_ypthima;M;1;NF6;Understory;Und3;11/01/2016;November;4;;
Satyrinae;Satyrini;Taygetis;Taygetis_ypthima;F;1;NF6;Understory;Und3;11/01/2016;November;5;;
Satyrinae;Satyrini;Forsterinaria;Forsterinaria_necys;M;1;NF6;Understory;Und3;11/01/2016;November;;Voucher;30
Satyrinae;Satyrini;Forsterinaria;Forsterinaria_necys;M;1;NF6;Understory;Und4;11/01/2016;November;6;;
Satyrinae;Satyrini;Forsterinaria;Forsterinaria_quantius;F;1;NF6;Understory;Und4;11/01/2016;November;;Voucher;78
Satyrinae;Satyrini;Forsterinaria;Forsterinaria_quantius;F;1;NF6;Understory;Und5;11/01/2016;November;;Voucher;58
Charaxinae;Preponini;Archaeoprepona;Archaeoprepona_chalciope;M;1;NF2;Canopy;Can2;11/02/2016;November;8;;
Charaxinae;Anaeini;Memphis;Memphis_hirta;F;1;NF2;Canopy;Can4;11/02/2016;November;;Voucher;57
Satyrinae;Satyrini;Forsterinaria;Forsterinaria_quantius;M;1;NF3;Understory;Und2;11/02/2016;November;9;;
Satyrinae;Satyrini;Forsterinaria;Forsterinaria_quantius;M;1;NF3;Understory;Und2;11/02/2016;November;;Voucher;41
Satyrinae;Satyrini;Forsterinaria;Forsterinaria_quantius;M;1;NF3;Understory;Und2;11/02/2016;November;;Voucher;53
Satyrinae;Satyrini;Forsterinaria;Forsterinaria_necys;F;1;NF3;Understory;Und2;11/02/2016;November;;Voucher;
Satyrinae;Satyrini;Taygetis;Taygetis_ypthima;NA;1;NF3;Understory;Und5;11/02/2016;November;;Next_trap;
Satyrinae;Satyrini;Taygetis;Taygetis_ypthima;M;1;NF3;Understory;Und2;11/02/2016;November;;Voucher;44
Charaxinae;Preponini;Archaeoprepona;Archaeoprepona_chalciope;M;1;NF4;Understory;Und3;11/06/2016;November;26;;
Charaxinae;Preponini;Archaeoprepona;Archaeoprepona_chalciope;M;1;NF4;Understory;Und4;11/06/2016;November;27;;
Satyrinae;Satyrini;Carminda;Carminda_paeon;F;1;NF4;Canopy;Can4;11/06/2016;November;28;;
Satyrinae;Satyrini;Carminda;Carminda_paeon;M;1;NF5;Canopy;Can2;11/03/2016;November;;Voucher;28
Satyrinae;Satyrini;Taygetis;Taygetis_ypthima;M;1;NF6;Understory;Und1;11/03/2016;November;10;;
Satyrinae;Satyrini;Forsterinaria;Forsterinaria_necys;F;1;NF6;Understory;Und3;11/03/2016;November;11;;
Satyrinae;Satyrini;Carminda;Carminda_paeon;F;1;NF6;Canopy;Can4;11/03/2016;November;;Voucher;79
Satyrinae;Satyrini;Carminda;Carminda_paeon;F;1;NF2;Canopy;Can4;11/04/2016;November;;Voucher;48
Satyrinae;Satyrini;Forsterinaria;Forsterinaria_necys;F;1;NF3;Understory;Und3;11/04/2016;November;;Voucher;60
Satyrinae;Satyrini;Paryphthimoides;Paryphthimoides_grimon;M;1;NF3;Canopy;Can3;11/04/2016;November;;Voucher;35
Charaxinae;Preponini;Archaeoprepona;Archaeoprepona_chalciope;M;1;NF3;Understory;Und4;11/04/2016;November;;Voucher;69
Satyrinae;Satyrini;Carminda;Carminda_paeon;F;1;NF3;Canopy;Can4;11/04/2016;November;;Voucher;52
Satyrinae;Satyrini;Taygetis;Taygetis_ypthima;M;1;NF3;Understory;Und5;11/04/2016;November;;Voucher;74
Charaxinae;Anaeini;Memphis;Memphis_moruus;F;1;NF4;Canopy;Can2;11/05/2016;November;;Voucher;56
Charaxinae;Anaeini;Memphis;Memphis_moruus;M;1;NF4;Canopy;Can2;11/05/2016;November;;Voucher;63
Charaxinae;Preponini;Archaeoprepona;Archaeoprepona_chalciope;F;1;NF4;Understory;Und3;11/05/2016;November;;Voucher;73
Charaxinae;Preponini;Archaeoprepona;Archaeoprepona_demophon;F;1;NF4;Canopy;Can3;11/05/2016;November;;Voucher;71
Charaxinae;Anaeini;Memphis;Memphis_hirta;M;1;NF4;Canopy;Can4;11/05/2016;November;"""1""";;
Satyrinae;Satyrini;Carminda;Carminda_paeon;M;1;NF5;Understory;Und1;11/05/2016;November;;Voucher;55
Satyrinae;Satyrini;Forsterinaria;Forsterinaria_necys;M;1;NF6;Understory;Und1;11/05/2016;November;;Voucher;81
Satyrinae;Satyrini;Forsterinaria;Forsterinaria_pronophila;F;1;NF6;Understory;Und2;11/05/2016;November;;Voucher;24
Satyrinae;Satyrini;Forsterinaria;Forsterinaria_quantius;F;1;NF6;Understory;Und2;11/05/2016;November;;Voucher;70
Satyrinae;Satyrini;Forsterinaria;Forsterinaria_necys;F;1;NF6;Understory;Und2;11/05/2016;November;;Voucher;29
Satyrinae;Satyrini;Taygetis;Taygetis_ypthima;NA;1;NF6;Understory;Und2;11/05/2016;November;;Scape;
Satyrinae;Satyrini;Forsterinaria;Forsterinaria_necys;F;1;NF6;Understory;Und3;11/05/2016;November;12;;
Satyrinae;Satyrini;Forsterinaria;Forsterinaria_necys;F;1;NF6;Understory;Und3;11/05/2016;November;13;;
Satyrinae;Satyrini;Taygetis;Taygetis_ypthima;F;1;NF6;Understory;Und3;11/05/2016;November;;Voucher;40
Satyrinae;Satyrini;Forsterinaria;Forsterinaria_quantius;M;1;NF6;Understory;Und4;11/05/2016;November;;Voucher;82
Satyrinae;Satyrini;Forsterinaria;Forsterinaria_quantius;F;1;NF6;Canopy;Can4;11/05/2016;November;;Voucher;51
Charaxinae;Anaeini;Zaretis;Zaretis_strigosus;M;1;NF6;Canopy;Can5;11/05/2016;November;;Voucher;67
Charaxinae;Anaeini;Memphis;Memphis_moruus;M;1;NF6;Canopy;Can5;11/05/2016;November;;Voucher;75
Charaxinae;Preponini;Archaeoprepona;Archaeoprepona_chalciope;M;1;NF1;Canopy;Can1;11/06/2016;November;14;;
Charaxinae;Anaeini;Memphis;Memphis_hirta;F;1;NF1;Canopy;Can1;11/06/2016;November;15;;
Satyrinae;Satyrini;Forsterinaria;Forsterinaria_necys;M;1;NF1;Canopy;Can1;11/06/2016;November;;Voucher;36
Satyrinae;Satyrini;Carminda;Carminda_paeon;M;1;NF1;Canopy;Can1;11/06/2016;November;;Voucher;33
Satyrinae;Satyrini;Carminda;Carminda_paeon;F;1;NF1;Understory;Und2;11/06/2016;November;16;;
Satyrinae;Satyrini;Carminda;Carminda_paeon;F;1;NF1;Understory;Und2;11/06/2016;November;17;;
Biblidinae;Epiphilini;Epiphile;Epiphile_hubneri;M;1;NF1;Canopy;Can3;11/06/2016;November;18;;
Satyrinae;Satyrini;Carminda;Carminda_paeon;F;1;NF1;Understory;Und4;11/06/2016;November;19;;
Satyrinae;Satyrini;Carminda;Carminda_paeon;F;1;NF1;Canopy;Can4;11/06/2016;November;;Voucher;39
Charaxinae;Anaeini;Memphis;Memphis_hirta;F;1;NF2;Canopy;Can3;11/06/2016;November;20;;
Satyrinae;Satyrini;Carminda;Carminda_paeon;M;1;NF2;Canopy;Can3;11/06/2016;November;;Voucher;49
Charaxinae;Anaeini;Memphis;Memphis_hirta;F;1;NF2;Canopy;Can4;11/06/2016;November;;Voucher;31
Charaxinae;Anaeini;Memphis;Memphis_hirta;F;1;NF2;Canopy;Can4;11/06/2016;November;;Voucher;25
Charaxinae;Anaeini;Memphis;Memphis_moruus;M;1;NF2;Canopy;Can4;11/06/2016;November;;Voucher;27
Satyrinae;Brassolini;Eryphanis;Eryphanis_reevesii;F;1;NF3;Understory;Und1;11/06/2016;November;;Voucher;65
Satyrinae;Satyrini;Forsterinaria;Forsterinaria_quantius;M;1;NF3;Understory;Und2;11/06/2016;November;;Voucher;61
Satyrinae;Satyrini;Forsterinaria;Forsterinaria_necys;M;1;NF3;Understory;Und2;11/06/2016;November;21;;
Charaxinae;Preponini;Archaeoprepona;Archaeoprepona_chalciope;M;1;NF3;Understory;Und2;11/06/2016;November;23;;
Satyrinae;Satyrini;Taygetis;Taygetis_ypthima;NA;1;NF3;Understory;Und2;11/06/2016;November;;Next_trap;
Satyrinae;Satyrini;Forsterinaria;Forsterinaria_pronophila;F;1;NF3;Canopy;Can4;11/06/2016;November;;Voucher;26
Charaxinae;Preponini;Archaeoprepona;Archaeoprepona_chalciope;F;1;NF3;Canopy;Can5;11/06/2016;November;22;;
Charaxinae;Anaeini;Zaretis;Zaretis_strigosus;M;1;NF4;Canopy;Can5;11/06/2016;November;;Voucher;34
Satyrinae;Satyrini;Carminda;Carminda_paeon;M;1;NF5;Canopy;Can3;11/06/2016;November;;Voucher;93
Charaxinae;Preponini;Archaeoprepona;Archaeoprepona_chalciope;M;1;NF5;Understory;Und4;11/06/2016;November;29;;
Charaxinae;Anaeini;Zaretis;Zaretis_strigosus;M;1;NF5;Canopy;Can4;11/06/2016;November;;Voucher;37
Satyrinae;Satyrini;Forsterinaria;Forsterinaria_quantius;M;1;NF6;Understory;Und1;11/06/2016;November;;Voucher;59
Satyrinae;Satyrini;Forsterinaria;Forsterinaria_necys;M;1;NF6;Understory;Und1;11/06/2016;November;;Voucher;66
Satyrinae;Satyrini;Forsterinaria;Forsterinaria_pronophila;F;1;NF6;Understory;Und1;11/06/2016;November;;Voucher;23
Charaxinae;Preponini;Archaeoprepona;Archaeoprepona_chalciope;F;1;NF6;Understory;Und2;11/06/2016;November;24;;
Satyrinae;Satyrini;Forsterinaria;Forsterinaria_pronophila;NA;1;NF6;Understory;Und2;11/06/2016;November;;Dead;21
Satyrinae;Satyrini;Taygetis;Taygetis_ypthima;NA;1;NF6;Understory;Und3;11/06/2016;November;;Voucher;
Satyrinae;Satyrini;Taygetis;Taygetis_ypthima;NA;1;NF6;Understory;Und3;11/06/2016;November;;Voucher;
Satyrinae;Satyrini;Forsterinaria;Forsterinaria_quantius;F;1;NF6;Understory;Und4;11/06/2016;November;;Voucher;22
Satyrinae;Satyrini;Carminda;Carminda_paeon;F;1;NF6;Canopy;Can4;11/06/2016;November;25;;
Satyrinae;Satyrini;Forsterinaria;Forsterinaria_quantius;M;1;NF1;Understory;Und1;11/07/2016;November;30;;
Biblidinae;Ageroniini;Hamadryas;Hamadryas_epinome;M;1;NF1;Understory;Und5;11/07/2016;November;;Voucher;43
Charaxinae;Anaeini;Memphis;Memphis_hirta;F;1;NF2;Canopy;Can2;11/07/2016;November;"""139""";;
Charaxinae;Anaeini;Memphis;Memphis_hirta;NA;1;NF2;Canopy;Can2;11/07/2016;November;;;
Charaxinae;Anaeini;Memphis;Memphis_hirta;F;1;NF2;Canopy;Can3;11/07/2016;November;;;
Charaxinae;Anaeini;Memphis;Memphis_hirta;F;1;NF2;Canopy;Can4;11/07/2016;November;;Voucher;38
Charaxinae;Anaeini;Memphis;Memphis_hirta;F;1;NF2;Canopy;Can5;11/07/2016;November;;;
Satyrinae;Satyrini;Taygetis;Taygetis_ypthima;F;1;NF3;Understory;Und1;11/07/2016;November;31;;
Satyrinae;Satyrini;Forsterinaria;Forsterinaria_necys;M;1;NF3;Understory;Und2;11/07/2016;November;32;;
Satyrinae;Satyrini;Forsterinaria;Forsterinaria_necys;M;1;NF3;Understory;Und4;11/07/2016;November;;Voucher;54
Charaxinae;Preponini;Archaeoprepona;Archaeoprepona_demophoon;F;1;NF3;Canopy;Can5;11/07/2016;November;;Voucher;32
Satyrinae;Satyrini;Carminda;Carminda_paeon;NA;1;NF1;Canopy;Can2;12/09/2016;December;;Voucher;SEM LEP
Satyrinae;Satyrini;Carminda;Carminda_paeon;M;1;NF1;Canopy;Can5;12/09/2016;December;33;;
Satyrinae;Satyrini;Carminda;Carminda_paeon;M;1;NF1;Canopy;Can5;12/09/2016;December;34;;
Satyrinae;Satyrini;Carminda;Carminda_paeon;M;1;NF1;Canopy;Can5;12/09/2016;December;35;;
Satyrinae;Satyrini;Carminda;Carminda_paeon;F;1;NF3;Understory;Und2;12/09/2016;December;36;;
Satyrinae;Satyrini;Carminda;Carminda_paeon;F;1;NF6;Canopy;Can4;12/10/2016;December;;Voucher;217
Satyrinae;Satyrini;Carminda;Carminda_paeon;F;1;NF1;Canopy;Can1;12/11/2016;December;36;;
Satyrinae;Satyrini;Carminda;Carminda_paeon;F;1;NF1;Canopy;Can1;12/11/2016;December;37;;
Satyrinae;Satyrini;Carminda;Carminda_paeon;M;1;NF1;Canopy;Can1;12/11/2016;December;38;;
Satyrinae;Satyrini;Carminda;Carminda_paeon;NA;1;NF1;Canopy;Can2;12/11/2016;December;;Scape;
Satyrinae;Satyrini;Carminda;Carminda_paeon;NA;1;NF1;Canopy;Can4;12/11/2016;December;;Scape;
Satyrinae;Satyrini;Carminda;Carminda_paeon;F;1;NF1;Canopy;Can4;12/11/2016;December;39;;
Satyrinae;Satyrini;Carminda;Carminda_paeon;F;1;NF1;Canopy;Can5;12/11/2016;December;40;;
Satyrinae;Satyrini;Carminda;Carminda_paeon;F;1;NF1;Canopy;Can5;12/11/2016;December;41;;
Satyrinae;Satyrini;Carminda;Carminda_paeon;F;1;NF1;Canopy;Can5;12/11/2016;December;;Voucher;210
Satyrinae;Satyrini;Carminda;Carminda_paeon;F;1;NF2;Canopy;Can4;12/11/2016;December;42;;
Satyrinae;Satyrini;Carminda;Carminda_paeon;M;1;NF2;Canopy;Can4;12/11/2016;December;;Voucher;249
Satyrinae;Satyrini;Forsterinaria;Forsterinaria_necys;M;1;NF3;Understory;Und1;12/11/2016;December;;Voucher;248
Satyrinae;Satyrini;Carminda;Carminda_paeon;F;1;NF3;Canopy;Can5;12/11/2016;December;;Dead;
Satyrinae;Satyrini;Carminda;Carminda_paeon;M;1;NF6;Understory;Und1;12/12/2016;December;;;
Satyrinae;Satyrini;Carminda;Carminda_paeon;M;1;NF6;Canopy;Can1;12/12/2016;December;;;
Satyrinae;Satyrini;Hermeuptychia;Hermeuptychia_sp;NA;1;NF6;Canopy;Can1;12/12/2016;December;;Voucher;251
Satyrinae;Satyrini;Forsterinaria;Forsterinaria_quantius;M;1;NF6;Understory;Und2;12/12/2016;December;44;;
Satyrinae;Satyrini;Carminda;Carminda_paeon;M;1;NF6;Canopy;Can3;12/12/2016;December;45;;
Satyrinae;Satyrini;Praepedaliodes;Praepedaliodes_phanias;F;1;NF6;Canopy;Can4;12/12/2016;December;;Voucher;199
Satyrinae;Satyrini;Carminda;Carminda_paeon;F;1;NF6;Canopy;Can4;12/12/2016;December;46;;
Satyrinae;Satyrini;Carminda;Carminda_paeon;M;1;NF6;Canopy;Can4;12/12/2016;December;;Dead;
Satyrinae;Satyrini;Carminda;Carminda_paeon;M;1;NF6;Canopy;Can4;12/12/2016;December;;Voucher;219
Satyrinae;Satyrini;Carminda;Carminda_paeon;M;1;NF6;Canopy;Can4;12/12/2016;December;;Dead;
Satyrinae;Brassolini;Eryphanis;Eryphanis_reevesii;F;1;NF6;Understory;Und5;12/12/2016;December;;Voucher;164
Satyrinae;Satyrini;Carminda;Carminda_paeon;M;1;NF6;Canopy;Can5;12/12/2016;December;47;;
Satyrinae;Satyrini;Carminda;Carminda_paeon;M;1;NF6;Canopy;Can5;12/12/2016;December;48;;
Satyrinae;Satyrini;Euptychoides;Euptychoides_castrensis;F;1;NF6;Canopy;Can5;12/12/2016;December;;Voucher;253
Satyrinae;Satyrini;Carminda;Carminda_paeon;F;1;NF6;Canopy;Can5;12/12/2016;December;;Voucher;247
Satyrinae;Satyrini;Carminda;Carminda_paeon;M;1;NF5;Understory;Und1;12/12/2016;December;49;;
Satyrinae;Satyrini;Carminda;Carminda_paeon;F;1;NF5;Canopy;Can2;12/12/2016;December;50;;
Satyrinae;Satyrini;Carminda;Carminda_paeon;F;1;NF5;Canopy;Can2;12/12/2016;December;51;;
Satyrinae;Satyrini;Carminda;Carminda_paeon;M;1;NF5;Canopy;Can2;12/12/2016;December;52;;
Satyrinae;Satyrini;Carminda;Carminda_paeon;M;1;NF5;Canopy;Can2;12/12/2016;December;53;;
Biblidinae;Epiphilini;Epiphile;Epiphile_hubneri;M;1;NF5;Canopy;Can3;12/12/2016;December;;Voucher;205
Satyrinae;Satyrini;Carminda;Carminda_paeon;M;1;NF5;Canopy;Can3;12/12/2016;December;;Dead;
Satyrinae;Satyrini;Carminda;Carminda_paeon;F;1;NF5;Canopy;Can5;12/12/2016;December;54;;
Satyrinae;Satyrini;Carminda;Carminda_paeon;NA;1;NF5;Canopy;Can5;12/12/2016;December;;Dead;
Charaxinae;Preponini;Archaeoprepona;Archaeoprepona_amphimachus;M;1;NF4;Canopy;Can1;12/12/2016;December;55;;
Satyrinae;Satyrini;Carminda;Carminda_paeon;M;1;NF4;Canopy;Can3;12/12/2016;December;56;;
Satyrinae;Satyrini;Carminda;Carminda_paeon;M;1;NF4;Canopy;Can3;12/12/2016;December;;Dead;
Satyrinae;Satyrini;Carminda;Carminda_paeon;M;1;NF4;Canopy;Can4;12/12/2016;December;;Dead;
Satyrinae;Satyrini;Carminda;Carminda_paeon;F;1;NF4;Canopy;Can5;12/12/2016;December;;Dead;
Biblidinae;Epiphilini;Temenis;Temenis_laothoe;NA;1;NF3;Understory;Und5;12/11/2016;December;;Next_trap;
Satyrinae;Morphini;Morpho;Morpho_portis;NA;1;NF3;Understory;Und5;12/11/2016;December;;Next_trap;
Satyrinae;Satyrini;Carminda;Carminda_paeon;M;1;NF1;Canopy;Can1;12/13/16;December;;;
Satyrinae;Satyrini;Carminda;Carminda_paeon;F;1;NF1;Canopy;Can2;12/13/16;December;57;;
Satyrinae;Satyrini;Carminda;Carminda_paeon;F;1;NF1;Canopy;Can2;12/13/16;December;58;;
Satyrinae;Satyrini;Carminda;Carminda_paeon;M;1;NF1;Canopy;Can2;12/13/16;December;;Dead;
Satyrinae;Satyrini;Carminda;Carminda_paeon;M;1;NF1;Canopy;Can2;12/13/16;December;;Dead;
Satyrinae;Satyrini;Carminda;Carminda_paeon;M;1;NF1;Canopy;Can2;12/13/16;December;;Dead;
Satyrinae;Satyrini;Carminda;Carminda_paeon;M;1;NF1;Canopy;Can2;12/13/16;December;;Dead;
Satyrinae;Satyrini;Carminda;Carminda_paeon;F;1;NF1;Understory;Und3;12/13/16;December;;Dead;
Satyrinae;Satyrini;Carminda;Carminda_paeon;M;1;NF1;Understory;Und3;12/13/16;December;;;
Satyrinae;Satyrini;Carminda;Carminda_paeon;M;1;NF1;Canopy;Can3;12/13/16;December;59;;
Satyrinae;Satyrini;Carminda;Carminda_paeon;F;1;NF1;Canopy;Can4;12/13/16;December;60;;
Satyrinae;Satyrini;Carminda;Carminda_paeon;F;1;NF1;Canopy;Can4;12/13/16;December;;Dead;
Satyrinae;Satyrini;Carminda;Carminda_paeon;M;1;NF1;Canopy;Can5;12/13/16;December;61;;
Satyrinae;Satyrini;Carminda;Carminda_paeon;F;1;NF1;Canopy;Can5;12/13/16;December;;Dead;
Satyrinae;Satyrini;Carminda;Carminda_paeon;M;1;NF1;Canopy;Can5;12/13/16;December;;Dead;
Satyrinae;Satyrini;Carminda;Carminda_paeon;M;1;NF1;Canopy;Can5;12/13/16;December;;Dead;
Satyrinae;Satyrini;Carminda;Carminda_paeon;M;1;NF1;Canopy;Can5;12/13/16;December;;Dead;
Satyrinae;Satyrini;Carminda;Carminda_paeon;M;1;NF1;Canopy;Can5;12/13/16;December;62;;
Satyrinae;Satyrini;Carminda;Carminda_paeon;F;1;NF2;Canopy;Can2;12/13/16;December;63;;
Satyrinae;Satyrini;Carminda;Carminda_paeon;F;1;NF2;Canopy;Can2;12/13/16;December;64;;
Satyrinae;Satyrini;Carminda;Carminda_paeon;F;1;NF2;Canopy;Can2;12/13/16;December;65;;
Satyrinae;Satyrini;Carminda;Carminda_paeon;F;1;NF2;Canopy;Can2;12/13/16;December;66;;
Satyrinae;Satyrini;Carminda;Carminda_paeon;F;1;NF2;Canopy;Can2;12/13/16;December;67;;
Satyrinae;Satyrini;Carminda;Carminda_paeon;M;1;NF2;Understory;Und2;12/13/16;December;;Dead;
Charaxinae;Preponini;Archaeoprepona;Archaeoprepona_chalciope;M;1;NF2;Canopy;Can3;12/13/16;December;;Dead;
Satyrinae;Satyrini;Carminda;Carminda_paeon;M;1;NF2;Understory;Und3;12/13/16;December;;Dead;
Satyrinae;Satyrini;Carminda;Carminda_paeon;F;1;NF2;Canopy;Can4;12/13/16;December;68;;
Satyrinae;Satyrini;Carminda;Carminda_paeon;F;1;NF2;Canopy;Can4;12/13/16;December;69;;
Satyrinae;Satyrini;Carminda;Carminda_paeon;M;1;NF2;Canopy;Can4;12/13/16;December;;Dead;
Satyrinae;Satyrini;Carminda;Carminda_paeon;M;1;NF2;Canopy;Can5;12/13/16;December;;Dead;
Satyrinae;Satyrini;Carminda;Carminda_paeon;M;1;NF2;Canopy;Can5;12/13/16;December;;Dead;
Satyrinae;Satyrini;Carminda;Carminda_paeon;F;1;NF3;Understory;Und1;12/13/16;December;70;;
Satyrinae;Satyrini;Forsterinaria;Forsterinaria_necys;F;1;NF3;Canopy;Can1;12/13/16;December;71;;
Satyrinae;Satyrini;Taygetis;Taygetis_ypthima;M;1;NF3;Understory;Und2;12/13/16;December;71;;
Satyrinae;Satyrini;Taygetis;Taygetis_ypthima;M;1;NF3;Canopy;Can2;12/13/16;December;;Voucher;181
Satyrinae;Satyrini;Carminda;Carminda_paeon;NA;1;NF3;Canopy;Can2;12/13/16;December;;Dead;
Satyrinae;Satyrini;Carminda;Carminda_paeon;M;1;NF3;Canopy;Can3;12/13/16;December;;Dead;
Satyrinae;Satyrini;Forsterinaria;Forsterinaria_necys;NA;1;NF3;Understory;Und1;12/13/16;December;;Next_trap;
Satyrinae;Brassolini;Eryphanis;Eryphanis_reevesii;F;1;NF3;Understory;Und1;12/13/16;December;;Next_trap;
Satyrinae;Satyrini;Carminda;Carminda_paeon;F;1;NF6;Canopy;Can1;12/14/16;December;;;
Satyrinae;Satyrini;Carminda;Carminda_paeon;F;1;NF6;Canopy;Can1;12/14/16;December;72;;
Satyrinae;Satyrini;Forsterinaria;Forsterinaria_quantius;F;1;NF6;Understory;Und2;12/14/16;December;;Voucher;201
Satyrinae;Satyrini;Forsterinaria;Forsterinaria_necys;M;1;NF6;Understory;Und2;12/14/16;December;73;;
Satyrinae;Satyrini;Forsterinaria;Forsterinaria_pronophila;F;1;NF6;Canopy;Can2;12/14/16;December;;Voucher;218
Satyrinae;Satyrini;Forsterinaria;Forsterinaria_necys;NA;1;NF6;Understory;Und4;12/14/16;December;;Scape;
Satyrinae;Satyrini;Forsterinaria;Forsterinaria_quantius;M;1;NF6;Understory;Und4;12/14/16;December;74;;
Satyrinae;Satyrini;Carminda;Carminda_paeon;M;1;NF6;Canopy;Can4;12/14/16;December;75;;
Satyrinae;Satyrini;Carminda;Carminda_paeon;F;1;NF6;Canopy;Can4;12/14/16;December;76;;
Satyrinae;Satyrini;Carminda;Carminda_paeon;M;1;NF6;Canopy;Can4;12/14/16;December;77;;
Satyrinae;Satyrini;Carminda;Carminda_paeon;F;1;NF6;Canopy;Can5;12/14/16;December;78;;
Satyrinae;Satyrini;Carminda;Carminda_paeon;F;1;NF6;Canopy;Can5;12/14/16;December;79;;
Satyrinae;Satyrini;Carminda;Carminda_paeon;M;1;NF6;Canopy;Can5;12/14/16;December;80;;
Satyrinae;Satyrini;Carminda;Carminda_paeon;F;1;NF5;Canopy;Can1;12/14/16;December;;Voucher;246
Satyrinae;Satyrini;Carminda;Carminda_paeon;NA;1;NF5;Canopy;Can1;12/14/16;December;;Dead;
Satyrinae;Satyrini;Carminda;Carminda_paeon;F;1;NF5;Canopy;Can2;12/14/16;December;81;;
Charaxinae;Anaeini;Memphis;Memphis_moruus;M;1;NF5;Canopy;Can3;12/14/16;December;;Voucher;198
Charaxinae;Preponini;Archaeoprepona;Archaeoprepona_chalciope;M;1;NF5;Understory;Und3;12/14/16;December;;Voucher;SEM LEP
Satyrinae;Satyrini;Carminda;Carminda_paeon;F;1;NF5;Canopy;Can3;12/14/16;December;82;;
Satyrinae;Satyrini;Euptychoides;Euptychoides_castrensis;NA;1;NF4;Canopy;Can1;12/14/16;December;;Dead;
Satyrinae;Satyrini;Carminda;Carminda_paeon;F;1;NF1;Canopy;Can1;12/15/16;December;83;;
Satyrinae;Satyrini;Carminda;Carminda_paeon;F;1;NF1;Canopy;Can2;12/15/16;December;84;;
Satyrinae;Satyrini;Carminda;Carminda_paeon;F;1;NF1;Canopy;Can2;12/15/16;December;;Dead;
Satyrinae;Satyrini;Carminda;Carminda_paeon;F;1;NF1;Understory;Und3;12/15/16;December;85;;
Satyrinae;Satyrini;Carminda;Carminda_paeon;M;1;NF1;Canopy;Can5;12/15/16;December;86;;
Satyrinae;Satyrini;Carminda;Carminda_paeon;M;1;NF2;Canopy;Can3;12/15/16;December;87;;
Satyrinae;Satyrini;Carminda;Carminda_paeon;F;1;NF2;Canopy;Can3;12/15/16;December;88;;
Satyrinae;Satyrini;Carminda;Carminda_paeon;F;1;NF2;Canopy;Can4;12/15/16;December;89;;
Satyrinae;Satyrini;Carminda;Carminda_paeon;M;1;NF2;Canopy;Can4;12/15/16;December;90;;
Satyrinae;Satyrini;Carminda;Carminda_paeon;F;1;NF2;Canopy;Can4;12/15/16;December;91;;
Satyrinae;Satyrini;Carminda;Carminda_paeon;M;1;NF2;Canopy;Can4;12/15/16;December;92;;
Charaxinae;Preponini;Archaeoprepona;Archaeoprepona_amphimachus;M;1;NF2;Understory;Und4;12/15/16;December;93;;
Satyrinae;Satyrini;Carminda;Carminda_paeon;M;1;NF2;Canopy;Can5;12/15/16;December;94;;
Satyrinae;Satyrini;Carminda;Carminda_paeon;F;1;NF2;Canopy;Can5;12/15/16;December;95;;
Satyrinae;Satyrini;Carminda;Carminda_paeon;M;1;NF2;Canopy;Can5;12/15/16;December;96;;
Satyrinae;Satyrini;Carminda;Carminda_paeon;M;1;NF2;Canopy;Can5;12/15/16;December;;Dead;
Satyrinae;Satyrini;Carminda;Carminda_paeon;M;1;NF2;Canopy;Can5;12/15/16;December;97;;
Satyrinae;Satyrini;Forsterinaria;Forsterinaria_necys;M;1;NF3;Understory;Und1;12/15/16;December;98;;
Satyrinae;Satyrini;Carminda;Carminda_paeon;F;1;NF3;Understory;Und1;12/15/16;December;99;;
Satyrinae;Satyrini;Carminda;Carminda_paeon;F;1;NF3;Canopy;Can1;12/15/16;December;100;;
Satyrinae;Brassolini;Eryphanis;Eryphanis_reevesii;M;1;NF3;Understory;Und2;12/15/16;December;;Voucher;176
Satyrinae;Brassolini;Eryphanis;Eryphanis_reevesii;M;1;NF3;Understory;Und2;12/15/16;December;;Voucher;
Satyrinae;Satyrini;Carminda;Carminda_paeon;M;1;NF6;Understory;Und1;12/16/16;December;101;;
Satyrinae;Brassolini;Eryphanis;Eryphanis_reevesii;M;1;NF6;Understory;Und2;12/16/16;December;;Voucher;175
Satyrinae;Satyrini;Carminda;Carminda_paeon;M;1;NF6;Canopy;Can3;12/16/16;December;102;;
Satyrinae;Satyrini;Carminda;Carminda_paeon;M;1;NF6;Canopy;Can3;12/16/16;December;103;;
Satyrinae;Brassolini;Eryphanis;Eryphanis_reevesii;M;1;NF6;Understory;Und4;12/16/16;December;104;;
Satyrinae;Satyrini;Carminda;Carminda_paeon;F;1;NF6;Canopy;Can4;12/16/16;December;105;;
Biblidinae;Epiphilini;Epiphile;Epiphile_orea;M;1;NF6;Canopy;Can5;12/16/16;December;;Voucher;245
Satyrinae;Satyrini;Praepedaliodes;Praepedaliodes_phanias;F;1;NF5;Understory;Und1;12/16/16;December;;Voucher;220
Satyrinae;Satyrini;Carminda;Carminda_paeon;F;1;NF5;Understory;Und2;12/16/16;December;106;;
Satyrinae;Satyrini;Carminda;Carminda_paeon;F;1;NF5;Canopy;Can4;12/16/16;December;107;;
Satyrinae;Satyrini;Carminda;Carminda_paeon;F;1;NF5;Understory;Und5;12/16/16;December;108;;
Charaxinae;Preponini;Archaeoprepona;Archaeoprepona_amphimachus;M;1;NF4;Canopy;Can1;12/16/16;December;;Voucher;254
Satyrinae;Satyrini;Carminda;Carminda_paeon;M;1;NF1;Canopy;Can1;12/17/16;December;109;;
Satyrinae;Satyrini;Carminda;Carminda_paeon;F;1;NF1;Understory;Und3;12/17/16;December;110;;
Satyrinae;Brassolini;Narope;Narope_cyllastros;F;1;NF1;Understory;Und5;12/17/16;December;;Voucher;169
Satyrinae;Satyrini;Carminda;Carminda_paeon;F;1;NF2;Canopy;Can4;12/17/16;December;111;;
Satyrinae;Satyrini;Carminda;Carminda_paeon;F;1;NF2;Understory;Und4;12/17/16;December;112;;
Satyrinae;Brassolini;Eryphanis;Eryphanis_reevesii;F;1;NF3;Understory;Und2;12/17/16;December;113;;
Satyrinae;Satyrini;Carminda;Carminda_paeon;F;1;NF3;Canopy;Can5;12/17/16;December;114;;
Satyrinae;Satyrini;Carminda;Carminda_paeon;F;1;NF6;Understory;Und1;12/18/16;December;;;
Satyrinae;Satyrini;Carminda;Carminda_paeon;M;1;NF6;Canopy;Can2;12/18/16;December;;Dead;
Satyrinae;Brassolini;Eryphanis;Eryphanis_reevesii;F;1;NF6;Understory;Und3;12/18/16;December;115;;
Satyrinae;Brassolini;Eryphanis;Eryphanis_reevesii;F;1;NF6;Understory;Und3;12/18/16;December;116;;
Satyrinae;Brassolini;Eryphanis;Eryphanis_reevesii;F;1;NF6;Understory;Und3;12/18/16;December;117;;
Satyrinae;Satyrini;Forsterinaria;Forsterinaria_necys;F;1;NF6;Understory;Und3;12/18/16;December;;;
Satyrinae;Brassolini;Narope;Narope_cyllastros;F;1;NF6;Understory;Und4;12/18/16;December;;Voucher;180
Satyrinae;Satyrini;Carminda;Carminda_paeon;M;1;NF6;Canopy;Can4;12/18/16;December;;Dead;
Satyrinae;Brassolini;Eryphanis;Eryphanis_reevesii;F;1;NF6;Understory;Und5;12/18/16;December;118;;
Satyrinae;Brassolini;Eryphanis;Eryphanis_reevesii;M;1;NF6;Understory;Und5;12/18/16;December;119;;
Satyrinae;Satyrini;Carminda;Carminda_paeon;M;1;NF5;Canopy;Can2;12/18/16;December;;;
Satyrinae;Satyrini;Carminda;Carminda_paeon;M;1;NF5;Canopy;Can2;12/18/16;December;;;
Charaxinae;Anaeini;Zaretis;Zaretis_strigosus;M;1;NF5;Canopy;Can3;12/18/16;December;;;
Satyrinae;Satyrini;Carminda;Carminda_paeon;F;1;NF5;Canopy;Can3;12/18/16;December;;;
Satyrinae;Satyrini;Carminda;Carminda_paeon;M;1;NF5;Canopy;Can3;12/18/16;December;;;
Satyrinae;Satyrini;Carminda;Carminda_paeon;M;1;NF5;Canopy;Can3;12/18/16;December;;;
Satyrinae;Satyrini;Carminda;Carminda_paeon;NA;1;NF5;Canopy;Can3;12/18/16;December;;Dead;
Satyrinae;Satyrini;Carminda;Carminda_paeon;NA;1;NF5;Canopy;Can4;12/18/16;December;;Dead;
Satyrinae;Satyrini;Carminda;Carminda_paeon;NA;1;NF4;Canopy;Can3;12/18/16;December;;Dead;
Satyrinae;Satyrini;Carminda;Carminda_paeon;NA;1;NF4;Canopy;Can3;12/18/16;December;;Dead;
Satyrinae;Satyrini;Carminda;Carminda_paeon;F;1;NF4;Canopy;Can4;12/18/16;December;;;
Satyrinae;Satyrini;Carminda;Carminda_paeon;M;1;NF4;Canopy;Can4;12/18/16;December;;;
Satyrinae;Satyrini;Carminda;Carminda_paeon;M;1;NF4;Canopy;Can4;12/18/16;December;;;
Biblidinae;Epiphilini;Epiphile;Epiphile_orea;F;1;NF4;Canopy;Can5;12/18/16;December;;Voucher;163
Satyrinae;Satyrini;Taygetis;Taygetis_ypthima;F;1;NF6;Understory;Und1;01/19/17;January;;Voucher;264
Satyrinae;Satyrini;Taygetis;Taygetis_ypthima;F;1;NF6;Understory;Und1;01/19/17;January;;Voucher;421
Satyrinae;Satyrini;Taygetis;Taygetis_ypthima;M;1;NF6;Understory;Und3;01/19/17;January;;Voucher;265
Satyrinae;Satyrini;Taygetis;Taygetis_ypthima;M;1;NF6;Understory;Und3;01/19/17;January;;Voucher;276
Satyrinae;Satyrini;Taygetis;Taygetis_ypthima;M;1;NF6;Understory;Und3;01/19/17;January;;Voucher;260
Satyrinae;Satyrini;Taygetis;Taygetis_ypthima;F;1;NF6;Understory;Und3;01/19/17;January;;Voucher;268
Satyrinae;Satyrini;Forsterinaria;Forsterinaria_necys;F;1;NF6;Understory;Und3;01/19/17;January;120;;
Satyrinae;Satyrini;Taygetis;Taygetis_ypthima;M;1;NF6;Understory;Und4;01/19/17;January;121;;
Satyrinae;Satyrini;Forsterinaria;Forsterinaria_quantius;M;1;NF6;Understory;Und5;01/19/17;January;122;;
Satyrinae;Brassolini;Opoptera;Opoptera_fruhstorferi;F;1;NF6;Understory;Und5;01/19/17;January;;Voucher;267
Satyrinae;Brassolini;Opoptera;Opoptera_fruhstorferi;F;1;NF6;Understory;Und4;01/19/17;January;;Voucher;275
Satyrinae;Satyrini;Carminda;Carminda_paeon;M;1;NF5;Canopy;Can2;01/19/17;January;123;;
Biblidinae;Epiphilini;Epiphile;Epiphile_hubneri;M;1;NF5;Canopy;Can3;01/19/17;January;;Voucher;272
Satyrinae;Satyrini;Forsterinaria;Forsterinaria_necys;F;1;NF5;Canopy;Can4;01/19/17;January;124;;
Satyrinae;Satyrini;Taygetis;Taygetis_ypthima;NA;1;NF4;Understory;Und2;01/19/17;January;;Next_trap;
Satyrinae;Satyrini;Carminda;Carminda_paeon;M;1;NF4;Canopy;Can3;01/19/17;January;125;;
Satyrinae;Satyrini;Carminda;Carminda_paeon;F;1;NF1;Canopy;Can1;01/20/17;January;126;;
Satyrinae;Satyrini;Hermeuptychia;Hermeuptychia_sp;NA;1;NF1;Understory;Und2;01/20/17;January;;Voucher;269
Satyrinae;Satyrini;Carminda;Carminda_paeon;F;1;NF1;Canopy;Can2;01/20/17;January;127;;
Satyrinae;Satyrini;Carminda;Carminda_paeon;F;1;NF1;Canopy;Can3;01/20/17;January;128;;
Satyrinae;Satyrini;Carminda;Carminda_paeon;F;1;NF1;Canopy;Can5;01/20/17;January;129;;
Satyrinae;Satyrini;Carminda;Carminda_paeon;M;1;NF1;Canopy;Can5;01/20/17;January;130;;
Satyrinae;Satyrini;Carminda;Carminda_paeon;F;1;NF2;Canopy;Can5;01/20/17;January;131;;
Satyrinae;Satyrini;Taygetis;Taygetis_ypthima;F;1;NF3;Understory;Und1;01/20/17;January;132;;
Satyrinae;Satyrini;Taygetis;Taygetis_ypthima;F;1;NF3;Understory;Und1;01/20/17;January;133;;
Satyrinae;Satyrini;Forsterinaria;Forsterinaria_quantius;M;1;NF3;Understory;Und1;01/20/17;January;;Voucher;266
Satyrinae;Satyrini;Forsterinaria;Forsterinaria_quantius;F;1;NF3;Understory;Und1;01/20/17;January;;Voucher;263
Satyrinae;Satyrini;Forsterinaria;Forsterinaria_pronophila;F;1;NF3;Understory;Und1;01/20/17;January;;Voucher;274
Satyrinae;Satyrini;Forsterinaria;Forsterinaria_quantius;M;1;NF3;Understory;Und2;01/20/17;January;134;;
Satyrinae;Brassolini;Opoptera;Opoptera_fruhstorferi;NA;1;NF3;Understory;Und2;01/20/17;January;;Next_trap;
Satyrinae;Satyrini;Taygetis;Taygetis_ypthima;NA;1;NF3;Understory;Und2;01/20/17;January;;Next_trap;
Satyrinae;Satyrini;Taygetis;Taygetis_ypthima;F;1;NF3;Understory;Und3;01/20/17;January;135;;
Satyrinae;Satyrini;Taygetis;Taygetis_ypthima;M;1;NF3;Understory;Und3;01/20/17;January;136;;
Satyrinae;Satyrini;Taygetis;Taygetis_ypthima;F;1;NF3;Understory;Und4;01/20/17;January;137;;
Satyrinae;Satyrini;Forsterinaria;Forsterinaria_necys;M;1;NF3;Understory;Und4;01/20/17;January;138;;
Satyrinae;Satyrini;Forsterinaria;Forsterinaria_necys;F;1;NF3;Understory;Und5;01/20/17;January;139;;
Satyrinae;Satyrini;Taygetis;Taygetis_ypthima;M;1;NF3;Understory;Und5;01/20/17;January;;Voucher;350
Satyrinae;Satyrini;Forsterinaria;Forsterinaria_necys;M;1;NF3;Canopy;Can5;01/20/17;January;;Dead;
Satyrinae;Satyrini;Taygetis;Taygetis_ypthima;M;1;NF6;Understory;Und1;01/21/17;January;140;;
Satyrinae;Brassolini;Opoptera;Opoptera_fruhstorferi;M;1;NF6;Understory;Und1;01/21/17;January;;Voucher;283
Satyrinae;Brassolini;Opoptera;Opoptera_fruhstorferi;M;1;NF6;Understory;Und3;01/21/17;January;141;;
Satyrinae;Brassolini;Opoptera;Opoptera_fruhstorferi;NA;1;NF6;Understory;Und3;01/21/17;January;;Scape;
Charaxinae;Preponini;Archaeoprepona;Archaeoprepona_chalciope;F;1;NF6;Understory;Und3;01/21/17;January;;Voucher;285
Satyrinae;Brassolini;Opoptera;Opoptera_fruhstorferi;M;1;NF6;Understory;Und3;01/21/17;January;142;;
Satyrinae;Satyrini;Taygetis;Taygetis_ypthima;F;1;NF6;Understory;Und3;01/21/17;January;143;;
Satyrinae;Brassolini;Opoptera;Opoptera_fruhstorferi;M;1;NF6;Understory;Und3;01/21/17;January;144;;
Satyrinae;Satyrini;Forsterinaria;Forsterinaria_necys;F;1;NF6;Canopy;Can3;01/21/17;January;;Dead;
Satyrinae;Brassolini;Eryphanis;Eryphanis_reevesii;F;1;NF6;Understory;Und4;01/21/17;January;145;;
Satyrinae;Satyrini;Taygetis;Taygetis_ypthima;F;1;NF6;Understory;Und4;01/21/17;January;146;;
Satyrinae;Brassolini;Eryphanis;Eryphanis_reevesii;F;1;NF6;Understory;Und5;01/21/17;January;147;;
Satyrinae;Brassolini;Eryphanis;Eryphanis_reevesii;F;1;NF6;Understory;Und5;01/21/17;January;148;;
Satyrinae;Satyrini;Carminda;Carminda_paeon;F;1;NF6;Canopy;Can5;01/21/17;January;149;;
Satyrinae;Satyrini;Forsterinaria;Forsterinaria_necys;F;1;NF6;Canopy;Can5;01/21/17;January;;Voucher;344
Satyrinae;Satyrini;Carminda;Carminda_paeon;F;1;NF6;Canopy;Can5;01/21/17;January;150;;
Satyrinae;Satyrini;Taygetis;Taygetis_ypthima;F;1;NF5;Understory;Und3;01/21/17;January;151;;
Satyrinae;Satyrini;Carminda;Carminda_paeon;NA;1;NF5;Canopy;Can3;01/21/17;January;;Dead;
Biblidinae;Epiphilini;Epiphile;Epiphile_hubneri;M;1;NF5;Canopy;Can4;01/21/17;January;;Voucher;279
Satyrinae;Satyrini;Carminda;Carminda_paeon;F;1;NF4;Canopy;Can1;01/21/17;January;152;;
Satyrinae;Satyrini;Carminda;Carminda_paeon;M;1;NF4;Canopy;Can2;01/21/17;January;153;;
Satyrinae;Satyrini;Carminda;Carminda_paeon;M;1;NF4;Canopy;Can2;01/21/17;January;154;;
Satyrinae;Satyrini;Taygetis;Taygetis_ypthima;F;1;NF4;Understory;Und5;01/21/17;January;155;;
Satyrinae;Satyrini;Carminda;Carminda_paeon;F;1;NF1;Canopy;Can2;01/22/17;January;156;;
Satyrinae;Satyrini;Carminda;Carminda_paeon;F;1;NF1;Canopy;Can3;01/22/17;January;157;;
Satyrinae;Satyrini;Carminda;Carminda_paeon;F;1;NF1;Canopy;Can5;01/22/17;January;158;;
Satyrinae;Satyrini;Carminda;Carminda_paeon;M;1;NF1;Canopy;Can5;01/22/17;January;159;;
Satyrinae;Satyrini;Carminda;Carminda_paeon;M;1;NF1;Canopy;Can5;01/22/17;January;;Dead;
Satyrinae;Satyrini;Carminda;Carminda_paeon;F;1;NF2;Canopy;Can5;01/22/17;January;160;;
Satyrinae;Satyrini;Forsterinaria;Forsterinaria_quantius;F;1;NF3;Understory;Und1;01/22/17;January;161;;
Satyrinae;Brassolini;Opoptera;Opoptera_fruhstorferi;NA;1;NF3;Understory;Und1;01/22/17;January;;Next_trap;
Satyrinae;Brassolini;Opoptera;Opoptera_fruhstorferi;NA;1;NF3;Understory;Und1;01/22/17;January;;Next_trap;
Satyrinae;Satyrini;Forsterinaria;Forsterinaria_quantius;M;1;NF3;Understory;Und1;01/22/17;January;162;;
Satyrinae;Satyrini;Forsterinaria;Forsterinaria_necys;F;1;NF3;Canopy;Can1;01/22/17;January;163;;
Satyrinae;Satyrini;Forsterinaria;Forsterinaria_quantius;M;1;NF3;Understory;Und2;01/22/17;January;164;;
Biblidinae;Epiphilini;Epiphile;Epiphile_hubneri;M;1;NF3;Canopy;Can2;01/22/17;January;;Voucher;271
Satyrinae;Satyrini;Forsterinaria;Forsterinaria_necys;M;1;NF6;Understory;Und1;01/23/17;January;165;;
Satyrinae;Satyrini;Forsterinaria;Forsterinaria_necys;F;1;NF6;Understory;Und1;01/23/17;January;166;;
Satyrinae;Brassolini;Opoptera;Opoptera_fruhstorferi;M;1;NF6;Understory;Und3;01/23/17;January;167;;
Satyrinae;Satyrini;Taygetis;Taygetis_ypthima;M;1;NF6;Understory;Und3;01/23/17;January;168;;
Satyrinae;Satyrini;Taygetis;Taygetis_ypthima;M;1;NF6;Understory;Und3;01/23/17;January;169;;
Satyrinae;Brassolini;Opoptera;Opoptera_fruhstorferi;F;1;NF6;Understory;Und4;01/23/17;January;170;;
Satyrinae;Brassolini;Eryphanis;Eryphanis_reevesii;F;1;NF6;Understory;Und5;01/23/17;January;;Dead;
Satyrinae;Brassolini;Eryphanis;Eryphanis_reevesii;M;1;NF6;Understory;Und5;01/23/17;January;171;;
Satyrinae;Satyrini;Forsterinaria;Forsterinaria_quantius;F;1;NF6;Understory;Und5;01/23/17;January;172;;
Satyrinae;Satyrini;Forsterinaria;Forsterinaria_quantius;F;1;NF6;Understory;Und5;01/23/17;January;173;;
Satyrinae;Satyrini;Carminda;Carminda_paeon;NA;1;NF5;Canopy;Can3;01/23/17;January;;Dead;
Charaxinae;Preponini;Archaeoprepona;Archaeoprepona_chalciope;M;1;NF5;Understory;Und4;01/23/17;January;174;;
Satyrinae;Satyrini;Forsterinaria;Forsterinaria_pronophila;M;1;NF5;Canopy;Can4;01/23/17;January;175;;
Satyrinae;Satyrini;Forsterinaria;Forsterinaria_pronophila;F;1;NF5;Canopy;Can4;01/23/17;January;;Dead;
Satyrinae;Satyrini;Forsterinaria;Forsterinaria_necys;F;1;NF5;Understory;Und5;01/23/17;January;176;;
Satyrinae;Satyrini;Taygetis;Taygetis_ypthima;NA;1;NF4;Understory;Und2;01/23/17;January;;Next_trap;
Biblidinae;Epiphilini;Epiphile;Epiphile_orea;M;1;NF4;Canopy;Can2;01/23/17;January;;Voucher;270
Satyrinae;Brassolini;Blepolenis;Blepolenis_batea;F;1;NF4;Canopy;Can2;01/23/17;January;;Voucher;435
Satyrinae;Satyrini;Carminda;Carminda_paeon;F;1;NF4;Canopy;Can2;01/23/17;January;177;;
Satyrinae;Satyrini;Carminda;Carminda_paeon;M;1;NF4;Canopy;Can2;01/23/17;January;178;;
Satyrinae;Satyrini;Forsterinaria;Forsterinaria_pronophila;F;1;NF4;Canopy;Can4;01/23/17;January;;Voucher;273
Satyrinae;Satyrini;Carminda;Carminda_paeon;F;1;NF4;Canopy;Can5;01/23/17;January;179;;
Satyrinae;Satyrini;Carminda;Carminda_paeon;M;1;NF1;Canopy;Can4;01/24/17;January;180;;
Satyrinae;Satyrini;Carminda;Carminda_paeon;M;1;NF1;Canopy;Can5;01/24/17;January;181;;
Satyrinae;Satyrini;Taygetis;Taygetis_ypthima;M;1;NF3;Understory;Und1;01/24/17;January;182;;
Satyrinae;Satyrini;Forsterinaria;Forsterinaria_necys;M;1;NF3;Understory;Und1;01/24/17;January;183;;
Biblidinae;Epiphilini;Epiphile;Epiphile_orea;M;1;NF3;Canopy;Can2;01/24/17;January;184;;
Satyrinae;Satyrini;Taygetis;Taygetis_ypthima;F;1;NF3;Understory;Und3;01/24/17;January;185;;
Charaxinae;Anaeini;Zaretis;Zaretis_strigosus;M;1;NF3;Canopy;Can4;01/24/17;January;186;;
Satyrinae;Satyrini;Taygetis;Taygetis_ypthima;M;1;NF3;Understory;Und5;01/24/17;January;187;;
Satyrinae;Satyrini;Taygetis;Taygetis_ypthima;F;1;NF3;Understory;Und5;01/24/17;January;188;;
Satyrinae;Satyrini;Taygetis;Taygetis_ypthima;M;1;NF3;Understory;Und5;01/24/17;January;189;;
Satyrinae;Brassolini;Opoptera;Opoptera_fruhstorferi;NA;1;NF3;Understory;Und5;01/24/17;January;;Next_trap;
Satyrinae;Satyrini;Forsterinaria;Forsterinaria_pronophila;M;1;NF3;Canopy;Can5;01/24/17;January;;Dead;
Satyrinae;Satyrini;Praepedaliodes;Praepedaliodes_phanias;F;1;NF6;Canopy;Can1;01/25/17;January;;Voucher;347
Satyrinae;Satyrini;Forsterinaria;Forsterinaria_quantius;M;1;NF6;Understory;Und2;01/25/17;January;190;;
Satyrinae;Brassolini;Opoptera;Opoptera_fruhstorferi;NA;1;NF6;Understory;Und3;01/25/17;January;;Scape;
Satyrinae;Brassolini;Opoptera;Opoptera_fruhstorferi;NA;1;NF6;Understory;Und3;01/25/17;January;;Scape;
Satyrinae;Satyrini;Forsterinaria;Forsterinaria_quantius;NA;1;NF6;Understory;Und3;01/25/17;January;;Scape;
Satyrinae;Brassolini;Opoptera;Opoptera_fruhstorferi;M;1;NF6;Understory;Und3;01/25/17;January;191;;
Satyrinae;Brassolini;Opoptera;Opoptera_fruhstorferi;M;1;NF6;Understory;Und3;01/25/17;January;192;;
Satyrinae;Satyrini;Forsterinaria;Forsterinaria_necys;M;1;NF6;Understory;Und3;01/25/17;January;193;;
Satyrinae;Satyrini;Forsterinaria;Forsterinaria_pronophila;M;1;NF6;Canopy;Can4;01/25/17;January;194;;
Satyrinae;Satyrini;Forsterinaria;Forsterinaria_pronophila;M;1;NF6;Canopy;Can4;01/25/17;January;;Dead;
Satyrinae;Brassolini;Opoptera;Opoptera_fruhstorferi;M;1;NF6;Understory;Und5;01/25/17;January;195;;
Satyrinae;Satyrini;Taygetis;Taygetis_ypthima;M;1;NF6;Understory;Und5;01/25/17;January;196;;
Biblidinae;Callicorini;Diaethria;Diaethria_clymena;F;1;NF5;Canopy;Can4;01/25/17;January;;Voucher;343
Satyrinae;Satyrini;Taygetis;Taygetis_ypthima;M;1;NF4;Understory;Und3;01/25/17;January;196;;
Satyrinae;Brassolini;Caligo;Caligo_martia;NA;1;NF4;Understory;Und5;01/25/17;January;;Next_trap;
Satyrinae;Satyrini;Carminda;Carminda_paeon;F;1;NF1;Canopy;Can1;01/26/17;January;;Dead;
Satyrinae;Brassolini;Caligo;Caligo_martia;M;1;NF1;Understory;Und4;01/26/17;January;197;;
Satyrinae;Satyrini;Forsterinaria;Forsterinaria_necys;F;1;NF1;Understory;Und4;01/26/17;January;198;;
Satyrinae;Satyrini;Forsterinaria;Forsterinaria_necys;F;1;NF1;Understory;Und5;01/26/17;January;199;;
Satyrinae;Satyrini;Forsterinaria;Forsterinaria_necys;F;1;NF1;Understory;Und5;01/26/17;January;200;;
Charaxinae;Preponini;Archaeoprepona;Archaeoprepona_amphimachus;M;1;NF1;Canopy;Can5;01/26/17;January;;Voucher;356
Satyrinae;Satyrini;Carminda;Carminda_paeon;F;1;NF2;Canopy;Can5;01/26/17;January;201;;
Charaxinae;Preponini;Archaeoprepona;Archaeoprepona_amphimachus;M;1;NF2;Understory;Und5;01/26/17;January;202;;
Satyrinae;Satyrini;Taygetis;Taygetis_ypthima;NA;1;NF3;Understory;Und1;01/26/17;January;;Next_trap;
Satyrinae;Satyrini;Taygetis;Taygetis_ypthima;NA;1;NF3;Understory;Und1;01/26/17;January;;Next_trap;
Satyrinae;Satyrini;Forsterinaria;Forsterinaria_necys;F;1;NF3;Understory;Und1;01/26/17;January;203;;
Satyrinae;Satyrini;Taygetis;Taygetis_ypthima;M;1;NF3;Understory;Und3;01/26/17;January;204;;
Satyrinae;Satyrini;Taygetis;Taygetis_ypthima;F;1;NF3;Understory;Und3;01/26/17;January;205;;
Satyrinae;Satyrini;Forsterinaria;Forsterinaria_necys;F;1;NF3;Canopy;Can3;01/26/17;January;206;;
Satyrinae;Satyrini;Taygetis;Taygetis_ypthima;M;1;NF3;Understory;Und4;01/26/17;January;207;;
Satyrinae;Satyrini;Forsterinaria;Forsterinaria_quantius;F;1;NF6;Understory;Und1;01/27/17;January;208;;
Satyrinae;Satyrini;Forsterinaria;Forsterinaria_necys;M;1;NF6;Understory;Und1;01/27/17;January;209;;
Satyrinae;Satyrini;Forsterinaria;Forsterinaria_necys;F;1;NF6;Understory;Und1;01/27/17;January;120;;
Satyrinae;Satyrini;Taygetis;Taygetis_ypthima;M;1;NF6;Understory;Und2;01/27/17;January;212;;
Satyrinae;Brassolini;Eryphanis;Eryphanis_reevesii;F;1;NF6;Understory;Und2;01/27/17;January;211;;
Satyrinae;Satyrini;Forsterinaria;Forsterinaria_necys;F;1;NF6;Understory;Und2;01/27/17;January;213;;
Satyrinae;Satyrini;Carminda;Carminda_paeon;M;1;NF6;Canopy;Can2;01/27/17;January;;Dead;
Satyrinae;Satyrini;Taygetis;Taygetis_ypthima;M;1;NF6;Understory;Und3;01/27/17;January;214;;
Satyrinae;Satyrini;Forsterinaria;Forsterinaria_quantius;F;1;NF6;Understory;Und4;01/27/17;January;215;;
Satyrinae;Satyrini;Taygetis;Taygetis_ypthima;F;1;NF6;Understory;Und4;01/27/17;January;216;;
Satyrinae;Morphini;Morpho;Morpho_portis;M;1;NF6;Understory;Und5;01/27/17;January;;Voucher;351
Satyrinae;Satyrini;Taygetis;Taygetis_ypthima;F;1;NF5;Understory;Und2;01/27/17;January;217;;
Satyrinae;Satyrini;Forsterinaria;Forsterinaria_necys;M;1;NF5;Canopy;Can4;01/27/17;January;218;;
Satyrinae;Satyrini;Forsterinaria;Forsterinaria_necys;F;1;NF3;Canopy;Can1;01/28/17;January;219;;
Satyrinae;Satyrini;Forsterinaria;Forsterinaria_necys;M;1;NF3;Understory;Und2;01/28/17;January;220;;
Satyrinae;Satyrini;Forsterinaria;Forsterinaria_necys;F;1;NF3;Understory;Und2;01/28/17;January;221;;
Satyrinae;Satyrini;Taygetis;Taygetis_ypthima;M;1;NF3;Understory;Und3;01/28/17;January;222;;
Satyrinae;Brassolini;Opoptera;Opoptera_fruhstorferi;F;1;NF3;Understory;Und3;01/28/17;January;223;;
Satyrinae;Satyrini;Taygetis;Taygetis_ypthima;F;1;NF3;Understory;Und4;01/28/17;January;224;;
Satyrinae;Satyrini;Taygetis;Taygetis_ypthima;M;1;NF3;Understory;Und4;01/28/17;January;225;;
Satyrinae;Satyrini;Forsterinaria;Forsterinaria_quantius;F;1;NF6;Understory;Und1;02/18/17;February;226;;
Satyrinae;Satyrini;Forsterinaria;Forsterinaria_quantius;M;1;NF6;Understory;Und1;02/18/17;February;227;;
Satyrinae;Satyrini;Taygetis;Taygetis_ypthima;M;1;NF6;Understory;Und2;02/18/17;February;227;;
Satyrinae;Brassolini;Opoptera;Opoptera_fruhstorferi;M;1;NF6;Understory;Und2;02/18/17;February;228;;
Satyrinae;Brassolini;Opoptera;Opoptera_fruhstorferi;M;1;NF6;Understory;Und2;02/18/17;February;229;;
Satyrinae;Satyrini;Forsterinaria;Forsterinaria_quantius;M;1;NF6;Understory;Und2;02/18/17;February;230;;
Satyrinae;Satyrini;Forsterinaria;Forsterinaria_quantius;M;1;NF6;Understory;Und2;02/18/17;February;231;;
Satyrinae;Satyrini;Forsterinaria;Forsterinaria_quantius;M;1;NF6;Understory;Und2;02/18/17;February;232;;
Satyrinae;Satyrini;Forsterinaria;Forsterinaria_quantius;M;1;NF6;Understory;Und2;02/18/17;February;233;;
Satyrinae;Satyrini;Forsterinaria;Forsterinaria_quantius;M;1;NF6;Understory;Und2;02/18/17;February;234;;
Satyrinae;Brassolini;Eryphanis;Eryphanis_reevesii;M;1;NF6;Understory;Und3;02/18/17;February;235;;
Satyrinae;Brassolini;Opoptera;Opoptera_fruhstorferi;M;1;NF6;Understory;Und3;02/18/17;February;236;;
Satyrinae;Satyrini;Forsterinaria;Forsterinaria_necys;M;1;NF6;Understory;Und3;02/18/17;February;237;;
Satyrinae;Brassolini;Opoptera;Opoptera_fruhstorferi;M;1;NF6;Understory;Und3;02/18/17;February;238;;
Satyrinae;Satyrini;Forsterinaria;Forsterinaria_necys;M;1;NF6;Understory;Und3;02/18/17;February;239;;
Satyrinae;Brassolini;Opoptera;Opoptera_fruhstorferi;M;1;NF6;Understory;Und3;02/18/17;February;240;;
Satyrinae;Satyrini;Taygetis;Taygetis_ypthima;M;1;NF6;Understory;Und3;02/18/17;February;241;;
Satyrinae;Satyrini;Taygetis;Taygetis_ypthima;F;1;NF6;Understory;Und3;02/18/17;February;242;;
Satyrinae;Satyrini;Taygetis;Taygetis_ypthima;F;1;NF6;Understory;Und3;02/18/17;February;243;;
Satyrinae;Brassolini;Opoptera;Opoptera_fruhstorferi;M;1;NF6;Understory;Und4;02/18/17;February;244;;
Satyrinae;Satyrini;Forsterinaria;Forsterinaria_quantius;F;1;NF6;Understory;Und4;02/18/17;February;245;;
Satyrinae;Brassolini;Opoptera;Opoptera_fruhstorferi;M;1;NF6;Understory;Und4;02/18/17;February;246;;
Satyrinae;Satyrini;Forsterinaria;Forsterinaria_quantius;M;1;NF6;Understory;Und4;02/18/17;February;247;;
Biblidinae;Epiphilini;Epiphile;Epiphile_orea;F;1;NF6;Canopy;Can4;02/18/17;February;;Voucher;417
Satyrinae;Brassolini;Opoptera;Opoptera_fruhstorferi;M;1;NF6;Understory;Und5;02/18/17;February;248;;
Satyrinae;Satyrini;Forsterinaria;Forsterinaria_quantius;F;1;NF6;Understory;Und5;02/18/17;February;249;;
Satyrinae;Satyrini;Forsterinaria;Forsterinaria_quantius;F;1;NF6;Understory;Und5;02/18/17;February;250;;
Satyrinae;Satyrini;Praepedaliodes;Praepedaliodes_phanias;F;1;NF6;Canopy;Can5;02/18/17;February;251;;
Biblidinae;Epiphilini;Epiphile;Epiphile_hubneri;M;1;NF6;Canopy;Can5;02/18/17;February;252;;
Satyrinae;Satyrini;Forsterinaria;Forsterinaria_necys;M;1;NF6;Canopy;Can5;02/18/17;February;253;;
Satyrinae;Morphini;Morpho;Morpho_epistrophus;NA;1;NF5;Understory;Und1;02/18/17;February;;Next_trap;
Satyrinae;Morphini;Morpho;Morpho_epistrophus;M;1;NF5;Understory;Und1;02/18/17;February;;Voucher;414
Satyrinae;Morphini;Morpho;Morpho_epistrophus;M;1;NF5;Understory;Und1;02/18/17;February;;Voucher;413
Satyrinae;Satyrini;Taygetis;Taygetis_ypthima;NA;1;NF5;Understory;Und1;02/18/17;February;;Next_trap;
Satyrinae;Morphini;Morpho;Morpho_epistrophus;NA;1;NF5;Understory;Und2;02/18/17;February;;Next_trap;
Charaxinae;Preponini;Archaeoprepona;Archaeoprepona_chalciope;NA;1;NF5;Understory;Und4;02/18/17;February;;Scape;
Charaxinae;Preponini;Archaeoprepona;Archaeoprepona_chalciope;NA;1;NF5;Canopy;Can4;02/18/17;February;;Voucher;
Charaxinae;Preponini;Archaeoprepona;Archaeoprepona_chalciope;NA;1;NF5;Canopy;Can4;02/18/17;February;;Voucher;
Charaxinae;Preponini;Archaeoprepona;Archaeoprepona_chalciope;NA;1;NF5;Understory;Und5;02/18/17;February;;Scape;
Satyrinae;Satyrini;Taygetis;Taygetis_ypthima;NA;1;NF4;Understory;Und1;02/18/17;February;;Trap_base;
Satyrinae;Satyrini;Taygetis;Taygetis_ypthima;F;1;NF4;Understory;Und2;02/18/17;February;258;;
Satyrinae;Morphini;Morpho;Morpho_epistrophus;M;1;NF4;Understory;Und2;02/18/17;February;;Voucher;
Charaxinae;Anaeini;Memphis;Memphis_moruus;F;1;NF4;Canopy;Can2;02/18/17;February;;Voucher;419
Biblidinae;Epiphilini;Epiphile;Epiphile_hubneri;M;1;NF4;Canopy;Can2;02/18/17;February;254;;
Satyrinae;Satyrini;Taygetis;Taygetis_ypthima;NA;1;NF4;Understory;Und3;02/18/17;February;;Trap_base;
Satyrinae;Satyrini;Taygetis;Taygetis_ypthima;F;1;NF4;Understory;Und5;02/18/17;February;255;;
Satyrinae;Brassolini;Opoptera;Opoptera_fruhstorferi;F;1;NF4;Understory;Und5;02/18/17;February;;Voucher;418
Satyrinae;Satyrini;Taygetis;Taygetis_ypthima;M;1;NF4;Understory;Und5;02/18/17;February;256;;
Satyrinae;Brassolini;Caligo;Caligo_martia;M;1;NF4;Understory;Und5;02/18/17;February;;Voucher;415
Satyrinae;Satyrini;Carminda;Carminda_paeon;M;1;NF4;Canopy;Can5;02/18/17;February;257;;
Charaxinae;Preponini;Archaeoprepona;Archaeoprepona_chalciope;M;1;NF1;Understory;Und2;02/19/17;February;258;;
Satyrinae;Morphini;Morpho;Morpho_epistrophus;NA;1;NF2;Understory;Und1;02/19/17;February;;Next_trap;
Charaxinae;Anaeini;Zaretis;Zaretis_strigosus;M;1;NF2;Canopy;Can2;02/19/17;February;259;;
Biblidinae;Epiphilini;Epiphile;Epiphile_orea;F;1;NF2;Canopy;Can5;02/19/17;February;260;;
Satyrinae;Brassolini;Opoptera;Opoptera_fruhstorferi;M;1;NF2;Understory;Und5;02/19/17;February;261;;
Satyrinae;Morphini;Morpho;Morpho_epistrophus;F;1;NF3;Understory;Und1;02/19/17;February;262;;
Satyrinae;Satyrini;Taygetis;Taygetis_ypthima;F;1;NF3;Understory;Und1;02/19/17;February;263;;
Satyrinae;Satyrini;Taygetis;Taygetis_ypthima;M;1;NF3;Understory;Und1;02/19/17;February;264;;
Satyrinae;Satyrini;Forsterinaria;Forsterinaria_quantius;M;1;NF3;Understory;Und1;02/19/17;February;265;;
Satyrinae;Satyrini;Forsterinaria;Forsterinaria_necys;F;1;NF3;Understory;Und1;02/19/17;February;273;;
Satyrinae;Brassolini;Opoptera;Opoptera_fruhstorferi;M;1;NF3;Understory;Und1;02/19/17;February;274;;
Satyrinae;Morphini;Morpho;Morpho_portis;F;1;NF3;Understory;Und1;02/19/17;February;;Voucher;433
Satyrinae;Satyrini;Forsterinaria;Forsterinaria_pronophila;F;1;NF3;Canopy;Can1;02/19/17;February;266;;
Satyrinae;Satyrini;Forsterinaria;Forsterinaria_pronophila;F;1;NF3;Canopy;Can1;02/19/17;February;;Voucher;420
Satyrinae;Satyrini;Praepedaliodes;Praepedaliodes_phanias;M;1;NF3;Canopy;Can1;02/19/17;February;;Voucher;426
Satyrinae;Morphini;Morpho;Morpho_epistrophus;M;1;NF3;Understory;Und2;02/19/17;February;268;;
Satyrinae;Brassolini;Opoptera;Opoptera_fruhstorferi;NA;1;NF3;Understory;Und2;02/19/17;February;;Next_trap;
Satyrinae;Satyrini;Forsterinaria;Forsterinaria_quantius;M;1;NF3;Understory;Und2;02/19/17;February;267;;
Charaxinae;Anaeini;Zaretis;Zaretis_strigosus;M;1;NF3;Canopy;Can2;02/19/17;February;269;;
Satyrinae;Satyrini;Forsterinaria;Forsterinaria_quantius;M;1;NF3;Understory;Und3;02/19/17;February;270;;
Satyrinae;Satyrini;Taygetis;Taygetis_ypthima;M;1;NF3;Understory;Und4;02/19/17;February;271;;
Satyrinae;Morphini;Morpho;Morpho_epistrophus;M;1;NF3;Understory;Und4;02/19/17;February;;Voucher;425
Satyrinae;Brassolini;Opoptera;Opoptera_fruhstorferi;NA;1;NF3;Understory;Und5;02/19/17;February;;Next_trap;
Biblidinae;Epiphilini;Epiphile;Epiphile_hubneri;F;1;NF3;Canopy;Can5;02/19/17;February;272;;
Satyrinae;Satyrini;Forsterinaria;Forsterinaria_quantius;M;1;NF6;Understory;Und1;02/20/17;February;275;;
Satyrinae;Satyrini;Taygetis;Taygetis_ypthima;F;1;NF6;Understory;Und1;02/20/17;February;276;;
Satyrinae;Satyrini;Forsterinaria;Forsterinaria_quantius;F;1;NF6;Understory;Und1;02/20/17;February;277;;
Satyrinae;Satyrini;Forsterinaria;Forsterinaria_quantius;F;1;NF6;Understory;Und1;02/20/17;February;278;;
Satyrinae;Satyrini;Forsterinaria;Forsterinaria_quantius;F;1;NF6;Understory;Und1;02/20/17;February;279;;
Satyrinae;Satyrini;Eteona;Eteona_tisiphone;F;1;NF6;Canopy;Can1;02/20/17;February;;Voucher;380
Satyrinae;Satyrini;Forsterinaria;Forsterinaria_necys;M;1;NF6;Canopy;Can1;02/20/17;February;280;;
Satyrinae;Morphini;Morpho;Morpho_epistrophus;M;1;NF6;Understory;Und2;02/20/17;February;281;;
Satyrinae;Brassolini;Opoptera;Opoptera_fruhstorferi;M;1;NF6;Understory;Und2;02/20/17;February;282;;
Satyrinae;Brassolini;Opoptera;Opoptera_fruhstorferi;M;1;NF6;Understory;Und2;02/20/17;February;283;;
Satyrinae;Satyrini;Taygetis;Taygetis_ypthima;M;1;NF6;Understory;Und2;02/20/17;February;284;;
Satyrinae;Satyrini;Forsterinaria;Forsterinaria_quantius;M;1;NF6;Understory;Und2;02/20/17;February;285;;
Satyrinae;Satyrini;Forsterinaria;Forsterinaria_quantius;F;1;NF6;Understory;Und2;02/20/17;February;286;;
Satyrinae;Satyrini;Forsterinaria;Forsterinaria_quantius;F;1;NF6;Understory;Und2;02/20/17;February;287;;
Satyrinae;Satyrini;Forsterinaria;Forsterinaria_quantius;M;1;NF6;Understory;Und2;02/20/17;February;288;;
Satyrinae;Satyrini;Forsterinaria;Forsterinaria_necys;F;1;NF6;Understory;Und2;02/20/17;February;;Dead;
Satyrinae;Brassolini;Opoptera;Opoptera_fruhstorferi;F;1;NF6;Understory;Und3;02/20/17;February;289;;
Satyrinae;Brassolini;Eryphanis;Eryphanis_reevesii;M;1;NF6;Understory;Und3;02/20/17;February;290;;
Satyrinae;Satyrini;Forsterinaria;Forsterinaria_quantius;F;1;NF6;Understory;Und3;02/20/17;February;291;;
Satyrinae;Satyrini;Forsterinaria;Forsterinaria_necys;M;1;NF6;Understory;Und3;02/20/17;February;;Dead;
Satyrinae;Satyrini;Taygetis;Taygetis_ypthima;M;1;NF6;Understory;Und3;02/20/17;February;292;;
Satyrinae;Satyrini;Forsterinaria;Forsterinaria_necys;M;1;NF6;Understory;Und3;02/20/17;February;293;;
Satyrinae;Satyrini;Forsterinaria;Forsterinaria_necys;M;1;NF6;Understory;Und3;02/20/17;February;294;;
Satyrinae;Satyrini;Forsterinaria;Forsterinaria_necys;F;1;NF6;Understory;Und3;02/20/17;February;295;;
Satyrinae;Satyrini;Forsterinaria;Forsterinaria_pronophila;F;1;NF6;Understory;Und3;02/20/17;February;296;;
Satyrinae;Satyrini;Forsterinaria;Forsterinaria_quantius;F;1;NF6;Understory;Und3;02/20/17;February;298;;
Satyrinae;Satyrini;Forsterinaria;Forsterinaria_quantius;M;1;NF6;Understory;Und3;02/20/17;February;297;;
Biblidinae;Epiphilini;Epiphile;Epiphile_orea;F;1;NF6;Canopy;Can3;02/20/17;February;;Voucher;382
Satyrinae;Satyrini;Taygetis;Taygetis_ypthima;M;1;NF6;Understory;Und4;02/20/17;February;299;;
Satyrinae;Satyrini;Forsterinaria;Forsterinaria_quantius;M;1;NF6;Understory;Und4;02/20/17;February;300;;
Charaxinae;Preponini;Archaeoprepona;Archaeoprepona_chalciope;M;1;NF6;Canopy;Can4;02/20/17;February;301;;
Satyrinae;Morphini;Morpho;Morpho_portis;F;1;NF6;Understory;Und5;02/20/17;February;;Voucher;383
Satyrinae;Satyrini;Forsterinaria;Forsterinaria_necys;M;1;NF6;Understory;Und5;02/20/17;February;302;;
Satyrinae;Satyrini;Forsterinaria;Forsterinaria_necys;F;1;NF6;Understory;Und5;02/20/17;February;303;;
Satyrinae;Satyrini;Forsterinaria;Forsterinaria_quantius;F;1;NF6;Understory;Und5;02/20/17;February;304;;
Satyrinae;Satyrini;Praepedaliodes;Praepedaliodes_phanias;F;1;NF6;Canopy;Can5;02/20/17;February;;Dead;
Charaxinae;Preponini;Archaeoprepona;Archaeoprepona_chalciope;M;1;NF5;Understory;Und1;02/20/17;February;305;;
Satyrinae;Morphini;Morpho;Morpho_epistrophus;M;1;NF5;Understory;Und1;02/20/17;February;306;;
Charaxinae;Preponini;Archaeoprepona;Archaeoprepona_chalciope;M;1;NF5;Canopy;Can1;02/20/17;February;;Dead;
Satyrinae;Brassolini;Opoptera;Opoptera_fruhstorferi;M;1;NF5;Understory;Und2;02/20/17;February;307;;
Satyrinae;Morphini;Morpho;Morpho_epistrophus;M;1;NF5;Understory;Und2;02/20/17;February;308;;
Charaxinae;Anaeini;Zaretis;Zaretis_strigosus;F;1;NF5;Canopy;Can2;02/20/17;February;;Voucher;386
Satyrinae;Satyrini;Taygetis;Taygetis_ypthima;F;1;NF5;Understory;Und3;02/20/17;February;309;;
Satyrinae;Satyrini;Forsterinaria;Forsterinaria_necys;M;1;NF5;Understory;Und3;02/20/17;February;310;;
Satyrinae;Morphini;Morpho;Morpho_epistrophus;F;1;NF5;Understory;Und4;02/20/17;February;311;;
Satyrinae;Morphini;Morpho;Morpho_epistrophus;M;1;NF5;Understory;Und4;02/20/17;February;312;;
Satyrinae;Brassolini;Eryphanis;Eryphanis_reevesii;NA;1;NF5;Understory;Und4;02/20/17;February;;Next_trap;
Satyrinae;Morphini;Morpho;Morpho_epistrophus;F;1;NF5;Understory;Und4;02/20/17;February;315;;
Charaxinae;Anaeini;Zaretis;Zaretis_strigosus;F;1;NF5;Canopy;Can4;02/20/17;February;;Voucher;379
Charaxinae;Preponini;Prepona;Prepona_pylene;M;1;NF5;Canopy;Can4;02/20/17;February;;Voucher;387
Charaxinae;Anaeini;Zaretis;Zaretis_strigosus;M;1;NF5;Canopy;Can4;02/20/17;February;313;;
Satyrinae;Morphini;Morpho;Morpho_epistrophus;M;1;NF5;Understory;Und5;02/20/17;February;314;;
Charaxinae;Preponini;Prepona;Prepona_pylene;F;1;NF5;Canopy;Can5;02/20/17;February;;Voucher;385
Satyrinae;Satyrini;Hermeuptychia;Hermeuptychia_sp;NA;1;NF5;Canopy;Can5;02/20/17;February;;Voucher;384
Satyrinae;Satyrini;Taygetis;Taygetis_ypthima;F;1;NF4;Understory;Und1;02/20/17;February;315;;
Satyrinae;Brassolini;Eryphanis;Eryphanis_reevesii;F;1;NF4;Understory;Und2;02/20/17;February;316;;
Charaxinae;Anaeini;Zaretis;Zaretis_strigosus;F;1;NF4;Canopy;Can2;02/20/17;February;;Voucher;381
Satyrinae;Satyrini;Taygetis;Taygetis_ypthima;M;1;NF4;Understory;Und3;02/20/17;February;318;;
Satyrinae;Morphini;Morpho;Morpho_epistrophus;F;1;NF4;Understory;Und3;02/20/17;February;317;;
Biblidinae;Epiphilini;Epiphile;Epiphile_orea;M;1;NF4;Canopy;Can3;02/20/17;February;318;;
Satyrinae;Satyrini;Taygetis;Taygetis_ypthima;M;1;NF4;Understory;Und5;02/20/17;February;319;;
Biblidinae;Epiphilini;Epiphile;Epiphile_orea;M;1;NF4;Canopy;Can5;02/20/17;February;320;;
Satyrinae;Satyrini;Forsterinaria;Forsterinaria_pronophila;M;1;NF1;Canopy;Can1;02/21/17;February;321;;
Biblidinae;Epiphilini;Epiphile;Epiphile_orea;M;1;NF1;Canopy;Can1;02/21/17;February;;Voucher;373
Satyrinae;Brassolini;Opoptera;Opoptera_fruhstorferi;NA;1;NF1;Understory;Und2;02/21/17;February;;Next_trap;
Charaxinae;Anaeini;Zaretis;Zaretis_strigosus;M;1;NF1;Canopy;Can3;02/21/17;February;322;;
Charaxinae;Preponini;Archaeoprepona;Archaeoprepona_amphimachus;M;1;NF2;Canopy;Can1;02/21/17;February;323;;
Satyrinae;Satyrini;Taygetis;Taygetis_ypthima;F;1;NF2;Understory;Und2;02/21/17;February;324;;
Satyrinae;Satyrini;Taygetis;Taygetis_ypthima;M;1;NF2;Understory;Und2;02/21/17;February;325;;
Satyrinae;Morphini;Morpho;Morpho_epistrophus;M;1;NF2;Understory;Und4;02/21/17;February;326;;
Satyrinae;Satyrini;Forsterinaria;Forsterinaria_necys;M;1;NF3;Understory;Und1;02/21/17;February;327;;
Satyrinae;Satyrini;Forsterinaria;Forsterinaria_quantius;M;1;NF3;Understory;Und1;02/21/17;February;328;;
Satyrinae;Satyrini;Forsterinaria;Forsterinaria_pronophila;F;1;NF3;Understory;Und1;02/21/17;February;329;;
Satyrinae;Satyrini;Forsterinaria;Forsterinaria_pronophila;F;1;NF3;Understory;Und1;02/21/17;February;330;;
Charaxinae;Preponini;Prepona;Prepona_pylene;M;1;NF3;Canopy;Can1;02/21/17;February;331;;
Satyrinae;Satyrini;Forsterinaria;Forsterinaria_necys;F;1;NF3;Canopy;Can1;02/21/17;February;;Dead;
Satyrinae;Satyrini;Forsterinaria;Forsterinaria_necys;M;1;NF3;Canopy;Can1;02/21/17;February;;Dead;
Satyrinae;Satyrini;Forsterinaria;Forsterinaria_pronophila;F;1;NF3;Canopy;Can1;02/21/17;February;;Dead;
Satyrinae;Satyrini;Forsterinaria;Forsterinaria_quantius;M;1;NF3;Understory;Und3;02/21/17;February;332;;
Satyrinae;Brassolini;Opoptera;Opoptera_fruhstorferi;M;1;NF3;Understory;Und3;02/21/17;February;333;;
Satyrinae;Satyrini;Forsterinaria;Forsterinaria_quantius;F;1;NF3;Understory;Und3;02/21/17;February;334;;
Satyrinae;Satyrini;Forsterinaria;Forsterinaria_necys;M;1;NF3;Understory;Und3;02/21/17;February;335;;
Satyrinae;Satyrini;Forsterinaria;Forsterinaria_pronophila;F;1;NF3;Canopy;Can2;02/21/17;February;336;;
Satyrinae;Satyrini;Taygetis;Taygetis_ypthima;NA;1;NF3;Understory;Und3;02/21/17;February;;Next_trap;
Charaxinae;Anaeini;Zaretis;Zaretis_strigosus;F;1;NF3;Canopy;Can3;02/21/17;February;;Voucher;376
Satyrinae;Satyrini;Forsterinaria;Forsterinaria_pronophila;F;1;NF3;Canopy;Can3;02/21/17;February;337;;
Charaxinae;Preponini;Archaeoprepona;Archaeoprepona_chalciope;NA;1;NF3;Canopy;Can3;02/21/17;February;;Dead;
Satyrinae;Brassolini;Opoptera;Opoptera_fruhstorferi;F;1;NF3;Understory;Und5;02/21/17;February;338;;
Satyrinae;Brassolini;Opoptera;Opoptera_fruhstorferi;F;1;NF3;Understory;Und5;02/21/17;February;342;;
Satyrinae;Brassolini;Opoptera;Opoptera_fruhstorferi;M;1;NF3;Understory;Und5;02/21/17;February;343;;
Satyrinae;Morphini;Morpho;Morpho_epistrophus;M;1;NF3;Understory;Und5;02/21/17;February;339;;
Satyrinae;Morphini;Morpho;Morpho_epistrophus;M;1;NF3;Understory;Und5;02/21/17;February;340;;
Satyrinae;Morphini;Morpho;Morpho_epistrophus;M;1;NF3;Understory;Und5;02/21/17;February;341;;
Biblidinae;Epiphilini;Epiphile;Epiphile_hubneri;M;1;NF3;Canopy;Can5;02/21/17;February;344;;
Biblidinae;Epiphilini;Epiphile;Epiphile_hubneri;NA;1;NF3;Canopy;Can5;02/21/17;February;;Dead;
Satyrinae;Brassolini;Opoptera;Opoptera_fruhstorferi;F;1;NF6;Understory;Und1;02/22/17;February;345;;
Satyrinae;Satyrini;Taygetis;Taygetis_ypthima;M;1;NF6;Understory;Und1;02/22/17;February;346;;
Satyrinae;Satyrini;Taygetis;Taygetis_ypthima;M;1;NF6;Understory;Und1;02/22/17;February;347;;
Satyrinae;Satyrini;Forsterinaria;Forsterinaria_necys;F;1;NF6;Canopy;Can1;02/22/17;February;348;;
Satyrinae;Satyrini;Forsterinaria;Forsterinaria_quantius;F;1;NF6;Understory;Und2;02/22/17;February;349;;
Satyrinae;Satyrini;Forsterinaria;Forsterinaria_quantius;M;1;NF6;Understory;Und2;02/22/17;February;350;;
Satyrinae;Satyrini;Forsterinaria;Forsterinaria_quantius;M;1;NF6;Understory;Und2;02/22/17;February;351;;
Biblidinae;Callicorini;Diaethria;Diaethria_candrena;M;1;NF6;Canopy;Can2;02/22/17;February;;Voucher;367
Satyrinae;Morphini;Morpho;Morpho_portis;F;1;NF6;Understory;Und3;02/22/17;February;;Voucher;369
Satyrinae;Satyrini;Forsterinaria;Forsterinaria_necys;NA;1;NF6;Understory;Und3;02/22/17;February;352;;
Satyrinae;Brassolini;Eryphanis;Eryphanis_reevesii;M;1;NF6;Understory;Und4;02/22/17;February;353;;
Satyrinae;Brassolini;Eryphanis;Eryphanis_reevesii;F;1;NF6;Understory;Und4;02/22/17;February;355;;
Satyrinae;Satyrini;Forsterinaria;Forsterinaria_quantius;M;1;NF6;Understory;Und4;02/22/17;February;354;;
Satyrinae;Satyrini;Forsterinaria;Forsterinaria_quantius;F;1;NF6;Understory;Und4;02/22/17;February;356;;
Satyrinae;Brassolini;Opoptera;Opoptera_fruhstorferi;M;1;NF6;Understory;Und4;02/22/17;February;357;;
Satyrinae;Satyrini;Forsterinaria;Forsterinaria_quantius;F;1;NF6;Understory;Und4;02/22/17;February;358;;
Satyrinae;Satyrini;Forsterinaria;Forsterinaria_quantius;M;1;NF6;Understory;Und4;02/22/17;February;360;;
Satyrinae;Satyrini;Forsterinaria;Forsterinaria_quantius;F;1;NF6;Understory;Und4;02/22/17;February;361;;
Satyrinae;Satyrini;Taygetis;Taygetis_ypthima;M;1;NF6;Understory;Und4;02/22/17;February;359;;
Satyrinae;Satyrini;Forsterinaria;Forsterinaria_quantius;M;1;NF6;Understory;Und5;02/22/17;February;362;;
Satyrinae;Brassolini;Opoptera;Opoptera_fruhstorferi;M;1;NF6;Understory;Und5;02/22/17;February;363;;
Satyrinae;Brassolini;Opoptera;Opoptera_fruhstorferi;NA;1;NF6;Understory;Und5;02/22/17;February;;Scape;
Satyrinae;Satyrini;Forsterinaria;Forsterinaria_necys;F;1;NF6;Understory;Und5;02/22/17;February;364;;
Satyrinae;Satyrini;Forsterinaria;Forsterinaria_quantius;F;1;NF6;Understory;Und5;02/22/17;February;365;;
Satyrinae;Satyrini;Forsterinaria;Forsterinaria_quantius;M;1;NF6;Understory;Und5;02/22/17;February;366;;
Satyrinae;Satyrini;Forsterinaria;Forsterinaria_necys;M;1;NF6;Understory;Und5;02/22/17;February;367;;
Satyrinae;Satyrini;Forsterinaria;Forsterinaria_quantius;M;1;NF6;Understory;Und5;02/22/17;February;368;;
Satyrinae;Satyrini;Forsterinaria;Forsterinaria_quantius;M;1;NF6;Understory;Und5;02/22/17;February;369;;
Satyrinae;Satyrini;Forsterinaria;Forsterinaria_quantius;M;1;NF6;Understory;Und5;02/22/17;February;370;;
Charaxinae;Preponini;Prepona;Prepona_pylene;M;1;NF6;Canopy;Can5;02/22/17;February;;Voucher;370
Satyrinae;Brassolini;Opoptera;Opoptera_fruhstorferi;M;1;NF5;Understory;Und1;02/22/17;February;371;;
Charaxinae;Preponini;Archaeoprepona;Archaeoprepona_chalciope;F;1;NF5;Understory;Und1;02/22/17;February;372;;
Charaxinae;Preponini;Archaeoprepona;Archaeoprepona_chalciope;F;1;NF5;Understory;Und2;02/22/17;February;373;;
Satyrinae;Morphini;Morpho;Morpho_epistrophus;F;1;NF5;Understory;Und3;02/22/17;February;375;;
Satyrinae;Morphini;Morpho;Morpho_epistrophus;M;1;NF5;Understory;Und3;02/22/17;February;376;;
Satyrinae;Morphini;Morpho;Morpho_epistrophus;M;1;NF5;Understory;Und3;02/22/17;February;;Scape;
Biblidinae;Epiphilini;Epiphile;Epiphile_orea;F;1;NF5;Understory;Und3;02/22/17;February;374;;
Satyrinae;Morphini;Morpho;Morpho_epistrophus;M;1;NF5;Understory;Und3;02/22/17;February;;Scape;
Satyrinae;Satyrini;Carminda;Carminda_griseldis;F;1;NF5;Canopy;Can3;02/22/17;February;;Voucher;366
Satyrinae;Brassolini;Opoptera;Opoptera_fruhstorferi;M;1;NF5;Understory;Und4;02/22/17;February;377;;
Satyrinae;Morphini;Morpho;Morpho_epistrophus;M;1;NF5;Understory;Und4;02/22/17;February;378;;
Satyrinae;Morphini;Morpho;Morpho_epistrophus;M;1;NF5;Understory;Und4;02/22/17;February;382;;
Satyrinae;Morphini;Morpho;Morpho_epistrophus;M;1;NF5;Understory;Und5;02/22/17;February;381;;
Satyrinae;Morphini;Morpho;Morpho_epistrophus;M;1;NF5;Understory;Und5;02/22/17;February;379;;
Satyrinae;Morphini;Morpho;Morpho_epistrophus;M;1;NF5;Understory;Und5;02/22/17;February;380;;
Satyrinae;Morphini;Morpho;Morpho_epistrophus;M;1;NF4;Understory;Und2;02/22/17;February;382;;
Biblidinae;Callicorini;Diaethria;Diaethria_candrena;F;1;NF4;Canopy;Can3;02/22/17;February;;Voucher;364
Charaxinae;Anaeini;Memphis;Memphis_moruus;NA;1;NF4;Canopy;Can3;02/22/17;February;;Voucher;368
Satyrinae;Morphini;Morpho;Morpho_epistrophus;M;1;NF4;Understory;Und4;02/22/17;February;383;;
Biblidinae;Epiphilini;Epiphile;Epiphile_orea;F;1;NF4;Canopy;Can4;02/22/17;February;384;;
Satyrinae;Morphini;Morpho;Morpho_epistrophus;M;1;NF4;Understory;Und5;02/22/17;February;385;;
Satyrinae;Morphini;Morpho;Morpho_epistrophus;M;1;NF4;Understory;Und5;02/22/17;February;386;;
Satyrinae;Morphini;Morpho;Morpho_epistrophus;M;1;NF1;Understory;Und1;02/23/17;February;387;;
Satyrinae;Satyrini;Euptychoides;Euptychoides_castrensis;F;1;NF1;Canopy;Can2;02/23/17;February;388;;
Satyrinae;Satyrini;Forsterinaria;Forsterinaria_pronophila;F;1;NF1;Canopy;Can2;02/23/17;February;;Dead;
Satyrinae;Morphini;Morpho;Morpho_epistrophus;M;1;NF1;Understory;Und5;02/23/17;February;389;;
Satyrinae;Satyrini;Carminda;Carminda_paeon;M;1;NF2;Understory;Und1;02/23/17;February;390;;
Charaxinae;Preponini;Archaeoprepona;Archaeoprepona_amphimachus;M;1;NF2;Canopy;Can4;02/23/17;February;391;;
Satyrinae;Satyrini;Taygetis;Taygetis_ypthima;F;1;NF2;Understory;Und4;02/23/17;February;392;;
Charaxinae;Anaeini;Zaretis;Zaretis_strigosus;F;1;NF3;Canopy;Can1;02/23/17;February;;Scape;
Satyrinae;Satyrini;Taygetis;Taygetis_ypthima;F;1;NF3;Understory;Und4;02/23/17;February;393;;
Satyrinae;Satyrini;Taygetis;Taygetis_ypthima;M;1;NF3;Understory;Und4;02/23/17;February;394;;
Satyrinae;Brassolini;Opoptera;Opoptera_fruhstorferi;M;1;NF3;Understory;Und5;02/23/17;February;395;;
Satyrinae;Morphini;Morpho;Morpho_epistrophus;M;1;NF6;Understory;Und1;02/24/17;February;398;;
Satyrinae;Satyrini;Taygetis;Taygetis_ypthima;F;1;NF6;Understory;Und1;02/24/17;February;396;;
Satyrinae;Satyrini;Forsterinaria;Forsterinaria_quantius;M;1;NF6;Understory;Und1;02/24/17;February;397;;
Satyrinae;Brassolini;Eryphanis;Eryphanis_reevesii;F;1;NF6;Understory;Und2;02/24/17;February;398;;
Satyrinae;Brassolini;Caligo;Caligo_martia;M;1;NF6;Understory;Und2;02/24/17;February;399;;
Satyrinae;Satyrini;Taygetis;Taygetis_ypthima;F;1;NF6;Understory;Und2;02/24/17;February;402;;
Satyrinae;Satyrini;Forsterinaria;Forsterinaria_necys;F;1;NF6;Understory;Und2;02/24/17;February;400;;
Satyrinae;Satyrini;Forsterinaria;Forsterinaria_necys;F;1;NF6;Understory;Und2;02/24/17;February;401;;
Satyrinae;Satyrini;Forsterinaria;Forsterinaria_quantius;M;1;NF6;Understory;Und2;02/24/17;February;403;;
Satyrinae;Brassolini;Opoptera;Opoptera_fruhstorferi;M;1;NF6;Understory;Und3;02/24/17;February;404;;
Nymphalinae;Nymphalini;Smyrna;Smyrna_blomfildia;M;1;NF6;Canopy;Can3;02/24/17;February;;Voucher;360
Satyrinae;Satyrini;Taygetis;Taygetis_ypthima;F;1;NF6;Understory;Und4;02/24/17;February;406;;
Satyrinae;Brassolini;Opoptera;Opoptera_fruhstorferi;M;1;NF6;Understory;Und4;02/24/17;February;405;;
Satyrinae;Satyrini;Forsterinaria;Forsterinaria_quantius;M;1;NF6;Understory;Und4;02/24/17;February;407;;
Satyrinae;Satyrini;Forsterinaria;Forsterinaria_quantius;F;1;NF6;Understory;Und5;02/24/17;February;409;;
Satyrinae;Satyrini;Taygetis;Taygetis_ypthima;M;1;NF6;Understory;Und5;02/24/17;February;410;;
Satyrinae;Brassolini;Opoptera;Opoptera_fruhstorferi;M;1;NF6;Understory;Und5;02/24/17;February;408;;
Satyrinae;Satyrini;Taygetis;Taygetis_ypthima;NA;1;NF6;Understory;Und5;02/24/17;February;411;;
Charaxinae;Anaeini;Zaretis;Zaretis_strigosus;M;1;NF6;Canopy;Can5;02/24/17;February;412;;
Satyrinae;Satyrini;Forsterinaria;Forsterinaria_necys;M;1;NF6;Canopy;Can5;02/24/17;February;;Dead;
Satyrinae;Brassolini;Opoptera;Opoptera_fruhstorferi;M;1;NF5;Understory;Und1;02/24/17;February;413;;
Satyrinae;Morphini;Morpho;Morpho_epistrophus;M;1;NF5;Understory;Und2;02/24/17;February;415;;
Satyrinae;Satyrini;Forsterinaria;Forsterinaria_necys;F;1;NF5;Understory;Und2;02/24/17;February;414;;
Satyrinae;Brassolini;Opoptera;Opoptera_fruhstorferi;M;1;NF5;Understory;Und5;02/24/17;February;415;;
Charaxinae;Anaeini;Zaretis;Zaretis_strigosus;M;1;NF4;Canopy;Can1;02/24/17;February;416;;
Biblidinae;Epiphilini;Epiphile;Epiphile_orea;M;1;NF4;Canopy;Can3;02/24/17;February;418;;
Satyrinae;Satyrini;Carminda;Carminda_paeon;M;1;NF4;Canopy;Can3;02/24/17;February;417;;
Biblidinae;Epiphilini;Epiphile;Epiphile_hubneri;M;1;NF4;Canopy;Can4;02/24/17;February;419;;
Satyrinae;Satyrini;Forsterinaria;Forsterinaria_necys;M;1;NF4;Canopy;Can5;02/24/17;February;420;;
Satyrinae;Satyrini;Taygetis;Taygetis_ypthima;M;1;NF1;Understory;Und4;02/25/17;February;421;;
Charaxinae;Preponini;Prepona;Prepona_pylene;M;1;NF2;Canopy;Can1;02/25/17;February;422;;
Charaxinae;Preponini;Prepona;Prepona_pylene;F;1;NF2;Canopy;Can2;02/25/17;February;423;;
Satyrinae;Morphini;Morpho;Morpho_epistrophus;F;1;NF3;Understory;Und1;02/25/17;February;424;;
Satyrinae;Satyrini;Taygetis;Taygetis_ypthima;M;1;NF3;Understory;Und1;02/25/17;February;425;;
Satyrinae;Satyrini;Taygetis;Taygetis_ypthima;M;1;NF3;Understory;Und1;02/25/17;February;426;;
Satyrinae;Satyrini;Taygetis;Taygetis_ypthima;M;1;NF3;Understory;Und2;02/25/17;February;427;;
Satyrinae;Satyrini;Taygetis;Taygetis_ypthima;M;1;NF3;Understory;Und3;02/25/17;February;428;;
Satyrinae;Brassolini;Catoblepia;Catoblepia_amphirhoe;M;1;NF3;Canopy;Can3;02/25/17;February;;Voucher;358
Biblidinae;Epiphilini;Epiphile;Epiphile_orea;M;1;NF3;Canopy;Can3;02/25/17;February;429;;
Satyrinae;Satyrini;Taygetis;Taygetis_ypthima;M;1;NF3;Understory;Und4;02/25/17;February;430;;
Satyrinae;Satyrini;Taygetis;Taygetis_ypthima;M;1;NF3;Understory;Und4;02/25/17;February;431;;
Satyrinae;Satyrini;Taygetis;Taygetis_ypthima;M;1;NF3;Understory;Und4;02/25/17;February;432;;
Satyrinae;Morphini;Morpho;Morpho_epistrophus;NA;1;NF3;Canopy;Can4;02/25/17;February;;Dead;
Satyrinae;Brassolini;Caligo;Caligo_martia;F;1;NF3;Understory;Und5;02/25/17;February;433;;
Satyrinae;Satyrini;Carminda;Carminda_paeon;F;1;NF2;Canopy;Can1;03/19/17;March;437;;
Satyrinae;Satyrini;Carminda;Carminda_paeon;M;1;NF2;Canopy;Can1;03/19/17;March;438;;
Satyrinae;Satyrini;Carminda;Carminda_paeon;F;1;NF2;Canopy;Can1;03/19/17;March;439;;
Satyrinae;Satyrini;Carminda;Carminda_paeon;M;1;NF2;Canopy;Can1;03/19/17;March;440;;
Satyrinae;Satyrini;Carminda;Carminda_paeon;M;1;NF2;Canopy;Can2;03/19/17;March;436;;
Satyrinae;Satyrini;Carminda;Carminda_paeon;NA;1;NF2;Canopy;Can2;03/19/17;March;;Scape;
Satyrinae;Satyrini;Carminda;Carminda_paeon;F;1;NF2;Canopy;Can4;03/19/17;March;435;;
Satyrinae;Satyrini;Carminda;Carminda_paeon;M;1;NF1;Canopy;Can5;03/19/17;March;434;;
Satyrinae;Satyrini;Taygetis;Taygetis_ypthima;NA;1;NF1;Understory;Und5;03/19/17;March;;Next_trap;
Satyrinae;Satyrini;Carminda;Carminda_paeon;M;1;NF6;Canopy;Can5;03/20/17;March;441;;
Satyrinae;Satyrini;Eteona;Eteona_tisiphone;NA;1;NF6;Canopy;Can2;03/20/17;March;;Next_trap;
Charaxinae;Preponini;Archaeoprepona;Archaeoprepona_amphimachus;M;1;NF4;Canopy;Can3;03/20/17;March;442;;
Satyrinae;Satyrini;Carminda;Carminda_paeon;M;1;NF4;Canopy;Can3;03/20/17;March;443;;
Satyrinae;Satyrini;Taygetis;Taygetis_ypthima;NA;1;NF4;Understory;Und4;03/20/17;March;;Next_trap;
Satyrinae;Morphini;Morpho;Morpho_epistrophus;M;1;NF4;Understory;Und4;03/20/17;March;;Trap_base;
Satyrinae;Satyrini;Taygetis;Taygetis_ypthima;NA;1;NF4;Understory;Und5;03/20/17;March;;Next_trap;
Satyrinae;Satyrini;Taygetis;Taygetis_ypthima;NA;1;NF4;Understory;Und5;03/20/17;March;;Next_trap;
Satyrinae;Satyrini;Taygetis;Taygetis_ypthima;M;1;NF5;Understory;Und1;03/20/17;March;444;;
Satyrinae;Satyrini;Taygetis;Taygetis_ypthima;M;1;NF5;Understory;Und1;03/20/17;March;445;;
Satyrinae;Satyrini;Taygetis;Taygetis_ypthima;M;1;NF5;Understory;Und2;03/20/17;March;446;;
Satyrinae;Satyrini;Carminda;Carminda_paeon;F;1;NF5;Canopy;Can5;03/20/17;March;447;;
Satyrinae;Satyrini;Taygetis;Taygetis_ypthima;F;1;NF3;Understory;Und1;03/21/17;March;448;;
Satyrinae;Satyrini;Taygetis;Taygetis_ypthima;M;1;NF3;Understory;Und1;03/21/17;March;449;;
Satyrinae;Brassolini;Eryphanis;Eryphanis_reevesii;NA;1;NF3;Understory;Und1;03/21/17;March;;Next_trap;
Satyrinae;Satyrini;Taygetis;Taygetis_ypthima;M;1;NF3;Understory;Und2;03/21/17;March;450;;
Satyrinae;Satyrini;Taygetis;Taygetis_ypthima;NA;1;NF3;Understory;Und2;03/21/17;March;;Next_trap;
Satyrinae;Satyrini;Forsterinaria;Forsterinaria_necys;M;1;NF3;Canopy;Can2;03/21/17;March;451;;
Satyrinae;Satyrini;Taygetis;Taygetis_ypthima;M;1;NF3;Understory;Und3;03/21/17;March;452;;
Satyrinae;Satyrini;Taygetis;Taygetis_ypthima;M;1;NF3;Understory;Und3;03/21/17;March;453;;
Satyrinae;Satyrini;Taygetis;Taygetis_ypthima;F;1;NF3;Understory;Und3;03/21/17;March;455;;
Satyrinae;Satyrini;Paryphthimoides;Paryphthimoides_grimon;M;1;NF3;Canopy;Can3;03/21/17;March;;Voucher;464
Satyrinae;Satyrini;Taygetis;Taygetis_ypthima;M;1;NF3;Understory;Und4;03/21/17;March;454;;
Satyrinae;Satyrini;Taygetis;Taygetis_ypthima;M;1;NF3;Understory;Und4;03/21/17;March;456;;
Satyrinae;Satyrini;Taygetis;Taygetis_ypthima;F;1;NF3;Understory;Und4;03/21/17;March;457;;
Satyrinae;Satyrini;Carminda;Carminda_paeon;M;1;NF1;Canopy;Can1;03/21/17;March;458;;
Charaxinae;Preponini;Archaeoprepona;Archaeoprepona_amphimachus;NA;1;NF2;Canopy;Can5;03/21/17;March;;Next_trap;
Charaxinae;Preponini;Archaeoprepona;Archaeoprepona_amphimachus;M;1;NF2;Canopy;Can4;03/21/17;March;459;;
Satyrinae;Satyrini;Taygetis;Taygetis_ypthima;F;1;NF2;Understory;Und3;03/21/17;March;460;;
Satyrinae;Satyrini;Carminda;Carminda_paeon;F;1;NF2;Understory;Und3;03/21/17;March;461;;
Charaxinae;Preponini;Archaeoprepona;Archaeoprepona_amphimachus;F;1;NF2;Canopy;Can3;03/21/17;March;462;;
Satyrinae;Satyrini;Carminda;Carminda_paeon;F;1;NF2;Canopy;Can3;03/21/17;March;463;;
Satyrinae;Satyrini;Taygetis;Taygetis_ypthima;M;1;NF2;Understory;Und2;03/21/17;March;464;;
Satyrinae;Morphini;Morpho;Morpho_epistrophus;M;1;NF2;Understory;Und1;03/21/17;March;465;;
Satyrinae;Satyrini;Carminda;Carminda_paeon;M;1;NF2;Understory;Und1;03/21/17;March;466;;
Satyrinae;Satyrini;Carminda;Carminda_paeon;M;1;NF2;Understory;Und1;03/21/17;March;467;;
Charaxinae;Preponini;Archaeoprepona;Archaeoprepona_amphimachus;F;1;NF2;Canopy;Can1;03/21/17;March;468;;
Satyrinae;Satyrini;Carminda;Carminda_paeon;F;1;NF2;Canopy;Can1;03/21/17;March;469;;
Satyrinae;Satyrini;Forsterinaria;Forsterinaria_quantius;M;1;NF6;Understory;Und1;03/22/17;March;470;;
Satyrinae;Satyrini;Forsterinaria;Forsterinaria_necys;F;1;NF6;Understory;Und2;03/22/17;March;;Scape;
Satyrinae;Satyrini;Praepedaliodes;Praepedaliodes_phanias;M;1;NF6;Canopy;Can2;03/22/17;March;;Dead;
Satyrinae;Satyrini;Taygetis;Taygetis_ypthima;M;1;NF6;Understory;Und3;03/22/17;March;471;;
Satyrinae;Satyrini;Taygetis;Taygetis_ypthima;F;1;NF6;Understory;Und3;03/22/17;March;472;;
Satyrinae;Satyrini;Forsterinaria;Forsterinaria_quantius;F;1;NF6;Understory;Und3;03/22/17;March;473;;
Satyrinae;Brassolini;Eryphanis;Eryphanis_reevesii;F;1;NF6;Understory;Und4;03/22/17;March;;Voucher;465
Satyrinae;Satyrini;Forsterinaria;Forsterinaria_quantius;M;1;NF6;Understory;Und5;03/22/17;March;474;;
Satyrinae;Satyrini;Taygetis;Taygetis_ypthima;M;1;NF6;Understory;Und5;03/22/17;March;475;;
Satyrinae;Satyrini;Carminda;Carminda_paeon;M;1;NF6;Canopy;Can5;03/22/17;March;476;;
Satyrinae;Satyrini;Eteona;Eteona_tisiphone;NA;1;NF6;Canopy;Can5;03/22/17;March;477;;
Satyrinae;Satyrini;Taygetis;Taygetis_ypthima;F;1;NF4;Understory;Und1;03/22/17;March;478;;
Satyrinae;Satyrini;Taygetis;Taygetis_ypthima;M;1;NF4;Understory;Und1;03/22/17;March;479;;
Satyrinae;Satyrini;Taygetis;Taygetis_ypthima;F;1;NF4;Understory;Und1;03/22/17;March;489;;
Satyrinae;Morphini;Morpho;Morpho_epistrophus;M;1;NF4;Understory;Und2;03/22/17;March;;Scape;
Satyrinae;Morphini;Morpho;Morpho_epistrophus;F;1;NF4;Understory;Und2;03/22/17;March;480;;
Satyrinae;Satyrini;Paryphthimoides;Paryphthimoides_grimon;F;1;NF4;Canopy;Can2;03/22/17;March;;Voucher;466
Charaxinae;Preponini;Archaeoprepona;Archaeoprepona_amphimachus;NA;1;NF4;Canopy;Can2;03/22/17;March;;Scape;
Satyrinae;Satyrini;Taygetis;Taygetis_ypthima;F;1;NF4;Understory;Und3;03/22/17;March;481;;
Satyrinae;Satyrini;Taygetis;Taygetis_ypthima;F;1;NF4;Understory;Und3;03/22/17;March;482;;
Satyrinae;Satyrini;Carminda;Carminda_paeon;M;1;NF4;Canopy;Can3;03/22/17;March;483;;
Satyrinae;Satyrini;Carminda;Carminda_paeon;M;1;NF4;Canopy;Can3;03/22/17;March;484;;
Satyrinae;Satyrini;Carminda;Carminda_paeon;M;1;NF4;Canopy;Can3;03/22/17;March;485;;
Satyrinae;Morphini;Morpho;Morpho_epistrophus;M;1;NF4;Understory;Und5;03/22/17;March;486;;
Satyrinae;Brassolini;Opoptera;Opoptera_fruhstorferi;M;1;NF4;Understory;Und5;03/22/17;March;487;;
Satyrinae;Satyrini;Carminda;Carminda_paeon;F;1;NF4;Understory;Und5;03/22/17;March;488;;
Satyrinae;Satyrini;Taygetis;Taygetis_ypthima;M;1;NF5;Understory;Und1;03/22/17;March;490;;
Satyrinae;Satyrini;Taygetis;Taygetis_ypthima;M;1;NF5;Understory;Und1;03/22/17;March;491;;
Satyrinae;Satyrini;Taygetis;Taygetis_ypthima;M;1;NF5;Understory;Und1;03/22/17;March;497;;
Biblidinae;Epiphilini;Epiphile;Epiphile_hubneri;M;1;NF5;Canopy;Can1;03/22/17;March;;Voucher;474
Satyrinae;Satyrini;Carminda;Carminda_paeon;F;1;NF5;Understory;Und2;03/22/17;March;492;;
Nymphalinae;Nymphalini;Smyrna;Smyrna_blomfildia;M;1;NF5;Canopy;Can2;03/22/17;March;;Voucher;467
Satyrinae;Satyrini;Carminda;Carminda_paeon;F;1;NF5;Canopy;Can2;03/22/17;March;493;;
Satyrinae;Satyrini;Carminda;Carminda_paeon;F;1;NF5;Understory;Und3;03/22/17;March;494;;
Charaxinae;Preponini;Archaeoprepona;Archaeoprepona_amphimachus;M;1;NF5;Canopy;Can4;03/22/17;March;496;;
Charaxinae;Anaeini;Memphis;Memphis_moruus;M;1;NF5;Canopy;Can4;03/22/17;March;495;;
Satyrinae;Satyrini;Forsterinaria;Forsterinaria_pronophila;M;1;NF5;Canopy;Can4;03/22/17;March;;Voucher;468
Charaxinae;Anaeini;Memphis;Memphis_moruus;M;1;NF5;Canopy;Can4;03/22/17;March;;Voucher;469
Charaxinae;Anaeini;Memphis;Memphis_moruus;M;1;NF5;Canopy;Can4;03/22/17;March;;Voucher;470
Charaxinae;Preponini;Archaeoprepona;Archaeoprepona_amphimachus;NA;1;NF5;Canopy;Can4;03/22/17;March;;Next_trap;
Charaxinae;Preponini;Archaeoprepona;Archaeoprepona_amphimachus;NA;1;NF5;Canopy;Can4;03/22/17;March;;Next_trap;
Satyrinae;Satyrini;Carminda;Carminda_paeon;NA;1;NF5;Canopy;Can5;03/22/17;March;;Dead;
Satyrinae;Satyrini;Praepedaliodes;Praepedaliodes_phanias;NA;1;NF3;Understory;Und1;03/23/17;March;;Scape;
Satyrinae;Satyrini;Taygetis;Taygetis_ypthima;F;1;NF3;Understory;Und1;03/23/17;March;499;;
Satyrinae;Satyrini;Taygetis;Taygetis_ypthima;F;1;NF3;Understory;Und1;03/23/17;March;497;;
Satyrinae;Satyrini;Forsterinaria;Forsterinaria_necys;M;1;NF3;Understory;Und1;03/23/17;March;498;;
Charaxinae;Preponini;Archaeoprepona;Archaeoprepona_amphimachus;M;1;NF3;Canopy;Can1;03/23/17;March;500;;
Satyrinae;Satyrini;Carminda;Carminda_paeon;M;1;NF3;Canopy;Can1;03/23/17;March;;Dead;
Satyrinae;Satyrini;Forsterinaria;Forsterinaria_pronophila;NA;1;NF3;Canopy;Can1;03/23/17;March;;Dead;
Satyrinae;Satyrini;Praepedaliodes;Praepedaliodes_phanias;M;1;NF3;Canopy;Can1;03/23/17;March;;Voucher;473
Satyrinae;Satyrini;Taygetis;Taygetis_ypthima;F;1;NF3;Understory;Und2;03/23/17;March;501;;
Satyrinae;Satyrini;Taygetis;Taygetis_ypthima;M;1;NF3;Understory;Und2;03/23/17;March;502;;
Satyrinae;Satyrini;Taygetis;Taygetis_ypthima;F;1;NF3;Understory;Und2;03/23/17;March;503;;
Satyrinae;Satyrini;Forsterinaria;Forsterinaria_pronophila;M;1;NF3;Canopy;Can2;03/23/17;March;;Dead;
Satyrinae;Satyrini;Carminda;Carminda_paeon;M;1;NF3;Canopy;Can2;03/23/17;March;;Dead;
Satyrinae;Satyrini;Taygetis;Taygetis_ypthima;M;1;NF3;Understory;Und3;03/23/17;March;504;;
Satyrinae;Satyrini;Taygetis;Taygetis_ypthima;M;1;NF3;Understory;Und3;03/23/17;March;505;;
Satyrinae;Satyrini;Carminda;Carminda_paeon;M;1;NF3;Canopy;Can4;03/23/17;March;;Dead;
Satyrinae;Satyrini;Forsterinaria;Forsterinaria_necys;F;1;NF3;Understory;Und4;03/23/17;March;506;;
Satyrinae;Satyrini;Forsterinaria;Forsterinaria_necys;M;1;NF3;Understory;Und4;03/23/17;March;507;;
Satyrinae;Satyrini;Forsterinaria;Forsterinaria_necys;M;1;NF3;Understory;Und4;03/23/17;March;;Dead;
Charaxinae;Preponini;Archaeoprepona;Archaeoprepona_amphimachus;NA;1;NF3;Canopy;Can5;03/23/17;March;;Next_trap;
Charaxinae;Preponini;Archaeoprepona;Archaeoprepona_amphimachus;F;1;NF1;Understory;Und1;03/23/17;March;508;;
Charaxinae;Preponini;Archaeoprepona;Archaeoprepona_amphimachus;M;1;NF1;Understory;Und1;03/23/17;March;509;;
Charaxinae;Preponini;Archaeoprepona;Archaeoprepona_amphimachus;F;1;NF1;Understory;Und1;03/23/17;March;510;;
Charaxinae;Anaeini;Zaretis;Zaretis_strigosus;F;1;NF1;Canopy;Can1;03/23/17;March;511;;
Satyrinae;Satyrini;Carminda;Carminda_paeon;F;1;NF1;Canopy;Can1;03/23/17;March;512;;
Satyrinae;Satyrini;Carminda;Carminda_paeon;M;1;NF1;Canopy;Can1;03/23/17;March;;Dead;
Satyrinae;Morphini;Morpho;Morpho_epistrophus;M;1;NF1;Understory;Und2;03/23/17;March;514;;
Satyrinae;Satyrini;Carminda;Carminda_paeon;M;1;NF1;Understory;Und3;03/23/17;March;515;;
Satyrinae;Satyrini;Carminda;Carminda_paeon;M;1;NF1;Canopy;Can5;03/23/17;March;;;
Satyrinae;Satyrini;Carminda;Carminda_paeon;M;1;NF1;Canopy;Can5;03/23/17;March;;Dead;
Satyrinae;Satyrini;Carminda;Carminda_paeon;M;1;NF1;Canopy;Can5;03/23/17;March;;;
Satyrinae;Satyrini;Carminda;Carminda_paeon;F;1;NF2;Canopy;Can5;03/23/17;March;;;
Satyrinae;Morphini;Morpho;Morpho_epistrophus;M;1;NF2;Canopy;Can5;03/23/17;March;;;
Satyrinae;Satyrini;Carminda;Carminda_paeon;NA;1;NF2;Canopy;Can5;03/23/17;March;;Dead;
Satyrinae;Morphini;Morpho;Morpho_epistrophus;F;1;NF2;Understory;Und4;03/23/17;March;;;
Satyrinae;Satyrini;Carminda;Carminda_paeon;F;1;NF2;Canopy;Can4;03/23/17;March;;;
Satyrinae;Satyrini;Carminda;Carminda_paeon;F;1;NF2;Canopy;Can4;03/23/17;March;;;
Charaxinae;Preponini;Archaeoprepona;Archaeoprepona_amphimachus;F;1;NF2;Understory;Und3;03/23/17;March;;;
Satyrinae;Satyrini;Carminda;Carminda_paeon;M;1;NF2;Canopy;Can3;03/23/17;March;;;
Satyrinae;Satyrini;Carminda;Carminda_paeon;M;1;NF2;Canopy;Can3;03/23/17;March;;Dead;
Satyrinae;Satyrini;Carminda;Carminda_paeon;NA;1;NF2;Canopy;Can2;03/23/17;March;;Dead;
Biblidinae;Epiphilini;Epiphile;Epiphile_orea;M;1;NF2;Canopy;Can1;03/23/17;March;;;
Satyrinae;Satyrini;Carminda;Carminda_paeon;F;1;NF2;Canopy;Can1;03/23/17;March;;;
Satyrinae;Satyrini;Forsterinaria;Forsterinaria_quantius;M;1;NF6;Understory;Und1;03/24/17;March;;;
Satyrinae;Satyrini;Forsterinaria;Forsterinaria_quantius;M;1;NF6;Understory;Und1;03/24/17;March;;;
Satyrinae;Satyrini;Forsterinaria;Forsterinaria_quantius;F;1;NF6;Understory;Und1;03/24/17;March;;;
Satyrinae;Satyrini;Forsterinaria;Forsterinaria_quantius;M;1;NF6;Understory;Und1;03/24/17;March;;;
Satyrinae;Satyrini;Forsterinaria;Forsterinaria_necys;F;1;NF6;Understory;Und1;03/24/17;March;;;
Satyrinae;Satyrini;Taygetis;Taygetis_ypthima;M;1;NF6;Understory;Und1;03/24/17;March;;;
Satyrinae;Brassolini;Eryphanis;Eryphanis_reevesii;M;1;NF6;Understory;Und2;03/24/17;March;;Voucher;471
Satyrinae;Satyrini;Forsterinaria;Forsterinaria_necys;F;1;NF6;Understory;Und2;03/24/17;March;;;
Satyrinae;Satyrini;Forsterinaria;Forsterinaria_necys;F;1;NF6;Understory;Und2;03/24/17;March;;;
Satyrinae;Satyrini;Taygetis;Taygetis_ypthima;F;1;NF6;Understory;Und2;03/24/17;March;;;
Satyrinae;Satyrini;Taygetis;Taygetis_ypthima;F;1;NF6;Understory;Und2;03/24/17;March;;;
Satyrinae;Satyrini;Forsterinaria;Forsterinaria_pronophila;F;1;NF6;Understory;Und2;03/24/17;March;;;
Satyrinae;Satyrini;Taygetis;Taygetis_ypthima;M;1;NF6;Understory;Und2;03/24/17;March;;;
Satyrinae;Satyrini;Forsterinaria;Forsterinaria_necys;NA;1;NF6;Understory;Und3;03/24/17;March;;Trap_base;
Satyrinae;Satyrini;Forsterinaria;Forsterinaria_necys;F;1;NF6;Understory;Und3;03/24/17;March;;;
Satyrinae;Satyrini;Forsterinaria;Forsterinaria_necys;M;1;NF6;Understory;Und3;03/24/17;March;;;
Satyrinae;Satyrini;Forsterinaria;Forsterinaria_necys;M;1;NF6;Understory;Und3;03/24/17;March;;;
Satyrinae;Satyrini;Forsterinaria;Forsterinaria_necys;M;1;NF6;Understory;Und3;03/24/17;March;;;
Satyrinae;Satyrini;Forsterinaria;Forsterinaria_necys;M;1;NF6;Understory;Und3;03/24/17;March;;;
Satyrinae;Satyrini;Forsterinaria;Forsterinaria_necys;M;1;NF6;Understory;Und3;03/24/17;March;;;
Satyrinae;Satyrini;Forsterinaria;Forsterinaria_necys;M;1;NF6;Understory;Und3;03/24/17;March;;;
Satyrinae;Satyrini;Forsterinaria;Forsterinaria_necys;F;1;NF6;Understory;Und3;03/24/17;March;;Voucher;475
Charaxinae;Preponini;Archaeoprepona;Archaeoprepona_chalciope;F;1;NF6;Understory;Und3;03/24/17;March;;;
Satyrinae;Satyrini;Taygetis;Taygetis_ypthima;M;1;NF6;Understory;Und3;03/24/17;March;;;
Satyrinae;Satyrini;Taygetis;Taygetis_ypthima;NA;1;NF6;Understory;Und3;03/24/17;March;;;
Satyrinae;Satyrini;Forsterinaria;Forsterinaria_necys;F;1;NF6;Canopy;Can3;03/24/17;March;;;
Satyrinae;Satyrini;Carminda;Carminda_paeon;M;1;NF6;Canopy;Can3;03/24/17;March;;Dead;
Satyrinae;Satyrini;Taygetis;Taygetis_ypthima;M;1;NF6;Understory;Und4;03/24/17;March;;;
Satyrinae;Satyrini;Forsterinaria;Forsterinaria_quantius;F;1;NF6;Understory;Und4;03/24/17;March;;;
Satyrinae;Satyrini;Forsterinaria;Forsterinaria_quantius;M;1;NF6;Understory;Und4;03/24/17;March;;;
Satyrinae;Satyrini;Forsterinaria;Forsterinaria_quantius;M;1;NF6;Understory;Und4;03/24/17;March;;;
Satyrinae;Satyrini;Carminda;Carminda_paeon;M;1;NF6;Canopy;Can4;03/24/17;March;;;
Satyrinae;Brassolini;Eryphanis;Eryphanis_reevesii;F;1;NF6;Understory;Und5;03/24/17;March;;;
Satyrinae;Satyrini;Taygetis;Taygetis_ypthima;M;1;NF6;Understory;Und5;03/24/17;March;;;
Satyrinae;Satyrini;Taygetis;Taygetis_ypthima;M;1;NF6;Understory;Und5;03/24/17;March;;;
Satyrinae;Satyrini;Taygetis;Taygetis_ypthima;M;1;NF6;Understory;Und5;03/24/17;March;;;
Satyrinae;Brassolini;Opsiphanes;Opsiphanes_quiteria;M;1;NF6;Canopy;Can5;03/24/17;March;;Voucher;476
Satyrinae;Satyrini;Forsterinaria;Forsterinaria_necys;F;1;NF6;Canopy;Can5;03/24/17;March;;;
Satyrinae;Satyrini;Forsterinaria;Forsterinaria_pronophila;M;1;NF6;Canopy;Can5;03/24/17;March;;;
Satyrinae;Satyrini;Taygetis;Taygetis_ypthima;M;1;NF5;Understory;Und1;03/24/17;March;;;
Satyrinae;Satyrini;Taygetis;Taygetis_ypthima;M;1;NF5;Understory;Und1;03/24/17;March;;;
Satyrinae;Satyrini;Taygetis;Taygetis_ypthima;M;1;NF5;Understory;Und1;03/24/17;March;;;
Satyrinae;Satyrini;Taygetis;Taygetis_ypthima;M;1;NF5;Understory;Und1;03/24/17;March;;;
Satyrinae;Satyrini;Taygetis;Taygetis_ypthima;M;1;NF5;Understory;Und1;03/24/17;March;;;
Satyrinae;Satyrini;Taygetis;Taygetis_ypthima;M;1;NF5;Understory;Und1;03/24/17;March;;;
Satyrinae;Satyrini;Taygetis;Taygetis_ypthima;M;1;NF5;Understory;Und1;03/24/17;March;;;
Satyrinae;Satyrini;Forsterinaria;Forsterinaria_pronophila;F;1;NF5;Understory;Und2;03/24/17;March;;;
Satyrinae;Satyrini;Carminda;Carminda_paeon;M;1;NF5;Understory;Und2;03/24/17;March;;Dead;
Satyrinae;Satyrini;Taygetis;Taygetis_ypthima;M;1;NF5;Understory;Und2;03/24/17;March;;;
Satyrinae;Satyrini;Carminda;Carminda_paeon;F;1;NF5;Understory;Und2;03/24/17;March;;;
Satyrinae;Satyrini;Taygetis;Taygetis_ypthima;F;1;NF5;Understory;Und3;03/24/17;March;;;
Satyrinae;Satyrini;Taygetis;Taygetis_ypthima;F;1;NF5;Understory;Und3;03/24/17;March;;;
Satyrinae;Satyrini;Taygetis;Taygetis_ypthima;M;1;NF5;Understory;Und3;03/24/17;March;;;
Satyrinae;Satyrini;Taygetis;Taygetis_ypthima;M;1;NF5;Understory;Und3;03/24/17;March;;;
Satyrinae;Satyrini;Carminda;Carminda_paeon;M;1;NF5;Understory;Und3;03/24/17;March;;Dead;
Satyrinae;Satyrini;Taygetis;Taygetis_ypthima;M;1;NF5;Understory;Und4;03/24/17;March;;;
Charaxinae;Anaeini;Memphis;Memphis_moruus;F;1;NF5;Canopy;Can4;03/24/17;March;;;
Biblidinae;Callicorini;Diaethria;Diaethria_candrena;F;1;NF5;Canopy;Can4;03/24/17;March;;Voucher;472
Satyrinae;Satyrini;Carminda;Carminda_paeon;M;1;NF5;Canopy;Can4;03/24/17;March;;;
Satyrinae;Satyrini;Taygetis;Taygetis_ypthima;F;1;NF5;Understory;Und5;03/24/17;March;;;
Satyrinae;Satyrini;Taygetis;Taygetis_ypthima;M;1;NF5;Understory;Und5;03/24/17;March;;;
Charaxinae;Preponini;Archaeoprepona;Archaeoprepona_amphimachus;NA;1;NF5;Canopy;Can5;03/24/17;March;;Trap_base;
Satyrinae;Morphini;Morpho;Morpho_epistrophus;F;1;NF4;Understory;Und1;03/24/17;March;;;
Satyrinae;Satyrini;Taygetis;Taygetis_ypthima;M;1;NF4;Understory;Und1;03/24/17;March;;;
Satyrinae;Satyrini;Taygetis;Taygetis_ypthima;F;1;NF4;Understory;Und1;03/24/17;March;;;
Satyrinae;Morphini;Morpho;Morpho_epistrophus;M;1;NF4;Understory;Und2;03/24/17;March;;;
Satyrinae;Satyrini;Carminda;Carminda_paeon;M;1;NF4;Canopy;Can2;03/24/17;March;;;
Satyrinae;Morphini;Morpho;Morpho_epistrophus;M;1;NF4;Understory;Und3;03/24/17;March;;;
Satyrinae;Satyrini;Taygetis;Taygetis_ypthima;F;1;NF4;Understory;Und3;03/24/17;March;;;
Satyrinae;Satyrini;Taygetis;Taygetis_ypthima;M;1;NF4;Understory;Und4;03/24/17;March;;;
Satyrinae;Satyrini;Taygetis;Taygetis_ypthima;F;1;NF4;Understory;Und4;03/24/17;March;;;
Satyrinae;Morphini;Morpho;Morpho_epistrophus;F;1;NF4;Understory;Und5;03/24/17;March;;;
